region,date,type,median,lower_90,upper_90,lower_50,upper_50,prob_control
Baden-Württemberg,2020-02-28,nowcast,1.9,1.5,2.3,1.7,2,0
Baden-Württemberg,2020-02-29,nowcast,1.8,1.5,2.3,1.6,1.9,0
Baden-Württemberg,2020-03-01,nowcast,1.8,1.5,2.2,1.6,1.9,0
Baden-Württemberg,2020-03-02,nowcast,1.8,1.5,2.1,1.6,1.9,0
Baden-Württemberg,2020-03-03,nowcast,1.8,1.5,2.1,1.6,1.9,0
Baden-Württemberg,2020-03-04,nowcast,1.7,1.5,2.1,1.6,1.8,0
Baden-Württemberg,2020-03-05,nowcast,1.7,1.4,2,1.6,1.8,0
Baden-Württemberg,2020-03-06,nowcast,1.7,1.4,2,1.5,1.8,0
Baden-Württemberg,2020-03-07,nowcast,1.6,1.4,1.9,1.5,1.7,0
Baden-Württemberg,2020-03-08,nowcast,1.6,1.4,1.9,1.5,1.7,0
Baden-Württemberg,2020-03-09,nowcast,1.6,1.3,1.8,1.4,1.6,0
Baden-Württemberg,2020-03-10,nowcast,1.5,1.3,1.7,1.4,1.6,0
Baden-Württemberg,2020-03-11,nowcast,1.5,1.3,1.7,1.4,1.5,0
Baden-Württemberg,2020-03-12,nowcast,1.4,1.2,1.6,1.4,1.5,0
Baden-Württemberg,2020-03-13,nowcast,1.4,1.2,1.6,1.3,1.4,0
Baden-Württemberg,2020-03-14,nowcast,1.3,1.2,1.5,1.3,1.4,0
Baden-Württemberg,2020-03-15,nowcast,1.3,1.2,1.4,1.2,1.4,0
Baden-Württemberg,2020-03-16,nowcast,1.3,1.1,1.4,1.2,1.3,0
Baden-Württemberg,2020-03-17,nowcast,1.2,1.1,1.3,1.2,1.3,0
Baden-Württemberg,2020-03-18,nowcast,1.2,1.1,1.3,1.2,1.2,0
Baden-Württemberg,2020-03-19,nowcast,1.2,1.1,1.3,1.1,1.2,0
Baden-Württemberg,2020-03-20,nowcast,1.2,1.1,1.3,1.1,1.2,0
Baden-Württemberg,2020-03-21,nowcast,1.1,1,1.2,1.1,1.2,0.01
Baden-Württemberg,2020-03-22,nowcast,1.1,1,1.2,1.1,1.1,0.03
Baden-Württemberg,2020-03-23,nowcast,1.1,1,1.1,1,1.1,0.11
Baden-Württemberg,2020-03-24,nowcast,1,0.9,1.1,1,1.1,0.31
Baden-Württemberg,2020-03-25,nowcast,1,0.9,1.1,1,1,0.58
Baden-Württemberg,2020-03-26,nowcast,1,0.9,1,0.9,1,0.77
Baden-Württemberg,2020-03-27,nowcast,1,0.9,1,0.9,1,0.89
Baden-Württemberg,2020-03-28,nowcast,0.9,0.9,1,0.9,1,0.95
Baden-Württemberg,2020-03-29,nowcast,0.9,0.9,1,0.9,0.9,0.99
Baden-Württemberg,2020-03-30,nowcast,0.9,0.8,0.9,0.9,0.9,1
Baden-Württemberg,2020-03-31,nowcast,0.9,0.8,0.9,0.8,0.9,1
Baden-Württemberg,2020-04-01,nowcast,0.8,0.8,0.9,0.8,0.9,1
Baden-Württemberg,2020-04-02,nowcast,0.8,0.8,0.9,0.8,0.8,1
Baden-Württemberg,2020-04-03,nowcast,0.8,0.8,0.9,0.8,0.9,1
Baden-Württemberg,2020-04-04,nowcast,0.8,0.8,0.9,0.8,0.8,1
Baden-Württemberg,2020-04-05,nowcast,0.8,0.8,0.9,0.8,0.8,1
Baden-Württemberg,2020-04-06,nowcast,0.8,0.7,0.9,0.8,0.8,1
Baden-Württemberg,2020-04-07,nowcast,0.8,0.7,0.9,0.8,0.8,1
Baden-Württemberg,2020-04-08,nowcast,0.8,0.7,0.8,0.8,0.8,1
Baden-Württemberg,2020-04-09,nowcast,0.8,0.7,0.9,0.8,0.8,1
Baden-Württemberg,2020-04-10,nowcast,0.8,0.7,0.8,0.8,0.8,1
Baden-Württemberg,2020-04-11,nowcast,0.8,0.7,0.9,0.8,0.8,1
Baden-Württemberg,2020-04-12,nowcast,0.8,0.7,0.9,0.8,0.8,1
Baden-Württemberg,2020-04-13,nowcast,0.8,0.7,0.9,0.8,0.8,1
Baden-Württemberg,2020-04-14,nowcast,0.8,0.7,0.9,0.8,0.8,1
Baden-Württemberg,2020-04-15,nowcast,0.8,0.7,0.9,0.8,0.8,1
Baden-Württemberg,2020-04-16,nowcast,0.8,0.7,0.9,0.8,0.8,1
Baden-Württemberg,2020-04-17,nowcast,0.8,0.7,0.9,0.8,0.8,1
Baden-Württemberg,2020-04-18,nowcast,0.8,0.7,0.9,0.7,0.8,1
Baden-Württemberg,2020-04-19,nowcast,0.8,0.7,0.9,0.7,0.8,1
Baden-Württemberg,2020-04-20,nowcast,0.8,0.7,0.8,0.7,0.8,1
Baden-Württemberg,2020-04-21,nowcast,0.7,0.6,0.8,0.7,0.8,1
Baden-Württemberg,2020-04-22,nowcast,0.7,0.6,0.8,0.7,0.8,1
Baden-Württemberg,2020-04-23,nowcast,0.7,0.6,0.8,0.7,0.8,1
Baden-Württemberg,2020-04-24,nowcast,0.7,0.6,0.8,0.7,0.7,1
Baden-Württemberg,2020-04-25,nowcast,0.7,0.6,0.8,0.7,0.7,1
Baden-Württemberg,2020-04-26,nowcast,0.7,0.6,0.8,0.7,0.8,1
Baden-Württemberg,2020-04-27,nowcast,0.7,0.6,0.8,0.7,0.8,1
Baden-Württemberg,2020-04-28,nowcast,0.7,0.6,0.8,0.7,0.8,1
Baden-Württemberg,2020-04-29,nowcast,0.7,0.6,0.9,0.7,0.8,1
Baden-Württemberg,2020-04-30,nowcast,0.8,0.6,0.9,0.7,0.8,0.99
Baden-Württemberg,2020-05-01,nowcast,0.8,0.7,1,0.7,0.8,0.98
Baden-Württemberg,2020-05-02,nowcast,0.8,0.7,1,0.8,0.9,0.96
Baden-Württemberg,2020-05-03,nowcast,0.9,0.7,1,0.8,0.9,0.94
Baden-Württemberg,2020-05-04,nowcast,0.8,0.7,1,0.8,0.9,0.96
Baden-Württemberg,2020-05-05,nowcast,0.8,0.7,1,0.8,0.9,0.98
Baden-Württemberg,2020-05-06,nowcast,0.8,0.7,1,0.8,0.9,0.98
Baden-Württemberg,2020-05-07,nowcast,0.8,0.7,0.9,0.8,0.9,0.99
Baden-Württemberg,2020-05-08,nowcast,0.8,0.7,0.9,0.8,0.9,0.99
Baden-Württemberg,2020-05-09,nowcast,0.8,0.7,0.9,0.8,0.9,0.99
Baden-Württemberg,2020-05-10,nowcast,0.8,0.6,0.9,0.7,0.8,0.99
Baden-Württemberg,2020-05-11,nowcast,0.8,0.6,0.9,0.7,0.8,0.99
Baden-Württemberg,2020-05-12,nowcast,0.8,0.6,0.9,0.7,0.8,0.99
Baden-Württemberg,2020-05-13,forecast,0.8,0.6,0.9,0.7,0.8,0.98
Baden-Württemberg,2020-05-14,forecast,0.8,0.6,1,0.7,0.8,0.97
Baden-Württemberg,2020-05-15,forecast,0.8,0.6,1,0.7,0.9,0.97
Baden-Württemberg,2020-05-16,forecast,0.8,0.6,1,0.7,0.9,0.96
Baden-Württemberg,2020-05-17,forecast,0.8,0.5,1,0.7,0.9,0.95
Baden-Württemberg,2020-05-18,forecast,0.8,0.6,1,0.7,0.9,0.94
Baden-Württemberg,2020-05-19,forecast,0.8,0.5,1,0.7,0.9,0.94
Baden-Württemberg,2020-05-20,forecast,0.8,0.5,1,0.7,0.9,0.93
Baden-Württemberg,2020-05-21,forecast,0.8,0.5,1,0.7,0.9,0.92
Baden-Württemberg,2020-05-22,forecast,0.8,0.5,1.1,0.7,0.9,0.92
Baden-Württemberg,2020-05-23,forecast,0.8,0.5,1.1,0.7,0.9,0.91
Baden-Württemberg,2020-05-24,forecast,0.8,0.5,1.1,0.7,0.9,0.89
Baden-Württemberg,2020-05-25,forecast,0.8,0.5,1.1,0.7,0.9,0.89
Baden-Württemberg,2020-05-26,forecast,0.8,0.5,1.1,0.7,0.9,0.88
Baden-Württemberg,2020-05-27,forecast,0.8,0.5,1.1,0.7,0.9,0.88
Bayern,2020-03-02,nowcast,1.9,1.5,2.3,1.7,2,0
Bayern,2020-03-03,nowcast,1.8,1.5,2.2,1.7,1.9,0
Bayern,2020-03-04,nowcast,1.8,1.5,2.2,1.6,1.9,0
Bayern,2020-03-05,nowcast,1.8,1.5,2.1,1.6,1.8,0
Bayern,2020-03-06,nowcast,1.7,1.5,2,1.6,1.8,0
Bayern,2020-03-07,nowcast,1.7,1.4,2,1.6,1.8,0
Bayern,2020-03-08,nowcast,1.7,1.4,1.9,1.5,1.7,0
Bayern,2020-03-09,nowcast,1.6,1.4,1.9,1.5,1.7,0
Bayern,2020-03-10,nowcast,1.6,1.4,1.9,1.5,1.7,0
Bayern,2020-03-11,nowcast,1.6,1.4,1.8,1.5,1.7,0
Bayern,2020-03-12,nowcast,1.5,1.3,1.8,1.4,1.6,0
Bayern,2020-03-13,nowcast,1.5,1.3,1.7,1.4,1.6,0
Bayern,2020-03-14,nowcast,1.5,1.3,1.7,1.4,1.5,0
Bayern,2020-03-15,nowcast,1.4,1.2,1.6,1.3,1.5,0
Bayern,2020-03-16,nowcast,1.4,1.2,1.5,1.3,1.4,0
Bayern,2020-03-17,nowcast,1.3,1.2,1.5,1.2,1.3,0
Bayern,2020-03-18,nowcast,1.3,1.2,1.4,1.2,1.3,0
Bayern,2020-03-19,nowcast,1.2,1.1,1.4,1.2,1.3,0
Bayern,2020-03-20,nowcast,1.2,1.1,1.3,1.2,1.2,0
Bayern,2020-03-21,nowcast,1.2,1.1,1.3,1.1,1.2,0
Bayern,2020-03-22,nowcast,1.1,1.1,1.3,1.1,1.2,0
Bayern,2020-03-23,nowcast,1.1,1,1.2,1.1,1.1,0.01
Bayern,2020-03-24,nowcast,1.1,1,1.2,1,1.1,0.05
Bayern,2020-03-25,nowcast,1,1,1.1,1,1.1,0.16
Bayern,2020-03-26,nowcast,1,0.9,1.1,1,1,0.35
Bayern,2020-03-27,nowcast,1,0.9,1.1,1,1,0.52
Bayern,2020-03-28,nowcast,1,0.9,1,1,1,0.74
Bayern,2020-03-29,nowcast,0.9,0.9,1,0.9,1,0.92
Bayern,2020-03-30,nowcast,0.9,0.8,1,0.9,0.9,0.99
Bayern,2020-03-31,nowcast,0.9,0.8,0.9,0.8,0.9,1
Bayern,2020-04-01,nowcast,0.8,0.8,0.9,0.8,0.9,1
Bayern,2020-04-02,nowcast,0.8,0.8,0.9,0.8,0.8,1
Bayern,2020-04-03,nowcast,0.8,0.7,0.9,0.8,0.8,1
Bayern,2020-04-04,nowcast,0.8,0.7,0.8,0.8,0.8,1
Bayern,2020-04-05,nowcast,0.8,0.7,0.8,0.8,0.8,1
Bayern,2020-04-06,nowcast,0.8,0.7,0.8,0.7,0.8,1
Bayern,2020-04-07,nowcast,0.7,0.7,0.8,0.7,0.8,1
Bayern,2020-04-08,nowcast,0.8,0.7,0.8,0.7,0.8,1
Bayern,2020-04-09,nowcast,0.8,0.7,0.8,0.7,0.8,1
Bayern,2020-04-10,nowcast,0.8,0.7,0.8,0.7,0.8,1
Bayern,2020-04-11,nowcast,0.8,0.7,0.9,0.7,0.8,1
Bayern,2020-04-12,nowcast,0.8,0.7,0.9,0.8,0.8,1
Bayern,2020-04-13,nowcast,0.8,0.7,0.9,0.7,0.8,1
Bayern,2020-04-14,nowcast,0.8,0.7,0.8,0.7,0.8,1
Bayern,2020-04-15,nowcast,0.8,0.7,0.8,0.7,0.8,1
Bayern,2020-04-16,nowcast,0.8,0.7,0.8,0.7,0.8,1
Bayern,2020-04-17,nowcast,0.8,0.7,0.8,0.7,0.8,1
Bayern,2020-04-18,nowcast,0.8,0.7,0.8,0.7,0.8,1
Bayern,2020-04-19,nowcast,0.8,0.7,0.8,0.7,0.8,1
Bayern,2020-04-20,nowcast,0.8,0.7,0.8,0.7,0.8,1
Bayern,2020-04-21,nowcast,0.7,0.7,0.8,0.7,0.8,1
Bayern,2020-04-22,nowcast,0.7,0.6,0.8,0.7,0.8,1
Bayern,2020-04-23,nowcast,0.7,0.6,0.8,0.7,0.8,1
Bayern,2020-04-24,nowcast,0.7,0.6,0.8,0.7,0.8,1
Bayern,2020-04-25,nowcast,0.7,0.6,0.8,0.7,0.8,1
Bayern,2020-04-26,nowcast,0.7,0.7,0.8,0.7,0.8,1
Bayern,2020-04-27,nowcast,0.7,0.7,0.9,0.7,0.8,1
Bayern,2020-04-28,nowcast,0.8,0.7,0.9,0.7,0.8,1
Bayern,2020-04-29,nowcast,0.8,0.7,0.9,0.7,0.8,1
Bayern,2020-04-30,nowcast,0.8,0.7,0.9,0.8,0.8,0.99
Bayern,2020-05-01,nowcast,0.8,0.7,1,0.8,0.9,0.97
Bayern,2020-05-02,nowcast,0.9,0.7,1,0.8,0.9,0.95
Bayern,2020-05-03,nowcast,0.9,0.8,1,0.8,0.9,0.96
Bayern,2020-05-04,nowcast,0.9,0.8,1,0.8,0.9,0.96
Bayern,2020-05-05,nowcast,0.9,0.8,1,0.8,0.9,0.97
Bayern,2020-05-06,nowcast,0.9,0.8,1,0.8,0.9,0.98
Bayern,2020-05-07,nowcast,0.9,0.8,1,0.8,0.9,0.97
Bayern,2020-05-08,nowcast,0.9,0.8,1,0.8,0.9,0.96
Bayern,2020-05-09,nowcast,0.9,0.8,1,0.8,0.9,0.95
Bayern,2020-05-10,nowcast,0.9,0.8,1,0.8,0.9,0.96
Bayern,2020-05-11,nowcast,0.9,0.8,1,0.8,0.9,0.96
Bayern,2020-05-12,nowcast,0.9,0.7,1,0.8,0.9,0.95
Bayern,2020-05-13,nowcast,0.9,0.8,1,0.8,0.9,0.88
Bayern,2020-05-14,forecast,0.9,0.7,1,0.8,1,0.86
Bayern,2020-05-15,forecast,0.9,0.7,1.1,0.8,0.9,0.83
Bayern,2020-05-16,forecast,0.9,0.7,1.1,0.8,1,0.81
Bayern,2020-05-17,forecast,0.9,0.7,1.1,0.8,1,0.79
Bayern,2020-05-18,forecast,0.9,0.7,1.1,0.8,1,0.78
Bayern,2020-05-19,forecast,0.9,0.7,1.1,0.8,1,0.75
Bayern,2020-05-20,forecast,0.9,0.7,1.1,0.8,1,0.73
Bayern,2020-05-21,forecast,0.9,0.7,1.1,0.8,1,0.72
Bayern,2020-05-22,forecast,0.9,0.7,1.2,0.8,1,0.71
Bayern,2020-05-23,forecast,0.9,0.7,1.2,0.8,1,0.71
Bayern,2020-05-24,forecast,0.9,0.6,1.2,0.8,1.1,0.69
Bayern,2020-05-25,forecast,0.9,0.7,1.2,0.8,1,0.69
Bayern,2020-05-26,forecast,0.9,0.6,1.2,0.8,1.1,0.67
Bayern,2020-05-27,forecast,0.9,0.6,1.2,0.8,1.1,0.66
Berlin,2020-03-03,nowcast,1.7,1.3,2.2,1.5,1.8,0
Berlin,2020-03-04,nowcast,1.7,1.3,2.1,1.5,1.8,0
Berlin,2020-03-05,nowcast,1.7,1.3,2,1.5,1.8,0
Berlin,2020-03-06,nowcast,1.6,1.3,2,1.5,1.8,0
Berlin,2020-03-07,nowcast,1.6,1.3,1.9,1.4,1.7,0
Berlin,2020-03-08,nowcast,1.5,1.3,1.9,1.4,1.6,0
Berlin,2020-03-09,nowcast,1.5,1.3,1.8,1.4,1.6,0
Berlin,2020-03-10,nowcast,1.5,1.2,1.8,1.4,1.6,0
Berlin,2020-03-11,nowcast,1.4,1.2,1.7,1.3,1.5,0
Berlin,2020-03-12,nowcast,1.4,1.2,1.6,1.3,1.5,0
Berlin,2020-03-13,nowcast,1.4,1.2,1.6,1.3,1.5,0
Berlin,2020-03-14,nowcast,1.3,1.1,1.6,1.3,1.4,0
Berlin,2020-03-15,nowcast,1.3,1.1,1.5,1.2,1.4,0
Berlin,2020-03-16,nowcast,1.2,1.1,1.4,1.2,1.3,0.01
Berlin,2020-03-17,nowcast,1.2,1.1,1.4,1.1,1.3,0.02
Berlin,2020-03-18,nowcast,1.2,1,1.3,1.1,1.2,0.04
Berlin,2020-03-19,nowcast,1.1,1,1.3,1.1,1.2,0.06
Berlin,2020-03-20,nowcast,1.1,1,1.3,1,1.2,0.09
Berlin,2020-03-21,nowcast,1.1,0.9,1.2,1,1.1,0.16
Berlin,2020-03-22,nowcast,1,0.9,1.2,1,1.1,0.29
Berlin,2020-03-23,nowcast,1,0.9,1.1,1,1.1,0.45
Berlin,2020-03-24,nowcast,1,0.9,1.1,0.9,1,0.63
Berlin,2020-03-25,nowcast,1,0.8,1.1,0.9,1,0.74
Berlin,2020-03-26,nowcast,0.9,0.8,1,0.9,1,0.84
Berlin,2020-03-27,nowcast,0.9,0.8,1,0.9,1,0.89
Berlin,2020-03-28,nowcast,0.9,0.8,1,0.9,0.9,0.94
Berlin,2020-03-29,nowcast,0.9,0.8,1,0.9,0.9,0.97
Berlin,2020-03-30,nowcast,0.9,0.8,1,0.8,0.9,0.98
Berlin,2020-03-31,nowcast,0.9,0.7,1,0.8,0.9,1
Berlin,2020-04-01,nowcast,0.8,0.7,0.9,0.8,0.9,1
Berlin,2020-04-02,nowcast,0.8,0.7,0.9,0.8,0.9,1
Berlin,2020-04-03,nowcast,0.8,0.7,0.9,0.8,0.9,1
Berlin,2020-04-04,nowcast,0.8,0.7,0.9,0.8,0.8,1
Berlin,2020-04-05,nowcast,0.8,0.7,0.9,0.8,0.8,1
Berlin,2020-04-06,nowcast,0.8,0.7,0.9,0.7,0.8,1
Berlin,2020-04-07,nowcast,0.8,0.7,0.9,0.7,0.8,1
Berlin,2020-04-08,nowcast,0.8,0.7,0.9,0.7,0.8,0.99
Berlin,2020-04-09,nowcast,0.8,0.7,0.9,0.7,0.8,0.98
Berlin,2020-04-10,nowcast,0.8,0.7,1,0.8,0.9,0.96
Berlin,2020-04-11,nowcast,0.8,0.7,1,0.8,0.9,0.94
Berlin,2020-04-12,nowcast,0.8,0.7,1,0.8,0.9,0.94
Berlin,2020-04-13,nowcast,0.8,0.7,1,0.8,0.9,0.94
Berlin,2020-04-14,nowcast,0.8,0.7,1,0.8,0.9,0.96
Berlin,2020-04-15,nowcast,0.8,0.7,1,0.8,0.9,0.95
Berlin,2020-04-16,nowcast,0.8,0.7,1,0.8,0.9,0.95
Berlin,2020-04-17,nowcast,0.9,0.7,1,0.8,0.9,0.94
Berlin,2020-04-18,nowcast,0.9,0.7,1,0.8,0.9,0.95
Berlin,2020-04-19,nowcast,0.9,0.7,1,0.8,0.9,0.93
Berlin,2020-04-20,nowcast,0.9,0.7,1,0.8,0.9,0.94
Berlin,2020-04-21,nowcast,0.9,0.7,1,0.8,0.9,0.94
Berlin,2020-04-22,nowcast,0.9,0.7,1,0.8,0.9,0.95
Berlin,2020-04-23,nowcast,0.8,0.7,1,0.8,0.9,0.95
Berlin,2020-04-24,nowcast,0.8,0.7,1,0.8,0.9,0.93
Berlin,2020-04-25,nowcast,0.8,0.7,1,0.8,0.9,0.94
Berlin,2020-04-26,nowcast,0.8,0.7,1,0.8,0.9,0.95
Berlin,2020-04-27,nowcast,0.8,0.7,1,0.8,0.9,0.94
Berlin,2020-04-28,nowcast,0.8,0.7,1,0.8,0.9,0.93
Berlin,2020-04-29,nowcast,0.8,0.7,1,0.8,0.9,0.92
Berlin,2020-04-30,nowcast,0.9,0.7,1,0.8,0.9,0.91
Berlin,2020-05-01,nowcast,0.9,0.7,1,0.8,0.9,0.89
Berlin,2020-05-02,nowcast,0.8,0.7,1,0.8,0.9,0.91
Berlin,2020-05-03,nowcast,0.8,0.6,1,0.8,0.9,0.91
Berlin,2020-05-04,nowcast,0.8,0.7,1,0.8,0.9,0.9
Berlin,2020-05-05,nowcast,0.9,0.7,1.1,0.8,0.9,0.84
Berlin,2020-05-06,nowcast,0.9,0.7,1.1,0.8,1,0.79
Berlin,2020-05-07,nowcast,0.9,0.7,1.2,0.8,1,0.67
Berlin,2020-05-08,nowcast,1,0.8,1.3,0.9,1,0.56
Berlin,2020-05-09,nowcast,1,0.7,1.3,0.9,1.1,0.51
Berlin,2020-05-10,nowcast,1,0.8,1.3,0.9,1.1,0.45
Berlin,2020-05-11,nowcast,1,0.8,1.4,0.9,1.1,0.4
Berlin,2020-05-12,nowcast,1.1,0.8,1.5,0.9,1.2,0.29
Berlin,2020-05-13,nowcast,1.2,0.8,1.6,1,1.2,0.2
Berlin,2020-05-14,forecast,1.1,0.8,1.6,1,1.2,0.26
Berlin,2020-05-15,forecast,1.1,0.7,1.6,0.9,1.2,0.28
Berlin,2020-05-16,forecast,1.1,0.7,1.7,0.9,1.3,0.28
Berlin,2020-05-17,forecast,1.1,0.7,1.7,0.9,1.3,0.3
Berlin,2020-05-18,forecast,1.1,0.6,1.7,0.9,1.3,0.31
Berlin,2020-05-19,forecast,1.1,0.6,1.7,0.9,1.3,0.31
Berlin,2020-05-20,forecast,1.1,0.6,1.8,0.9,1.3,0.31
Berlin,2020-05-21,forecast,1.1,0.5,1.8,0.9,1.3,0.32
Berlin,2020-05-22,forecast,1.1,0.6,1.8,0.8,1.3,0.32
Berlin,2020-05-23,forecast,1.1,0.6,1.9,0.8,1.3,0.33
Berlin,2020-05-24,forecast,1.2,0.6,2,0.8,1.3,0.32
Berlin,2020-05-25,forecast,1.1,0.5,1.9,0.8,1.3,0.33
Berlin,2020-05-26,forecast,1.2,0.5,2,0.8,1.3,0.33
Berlin,2020-05-27,forecast,1.2,0.5,1.9,0.9,1.3,0.33
Brandenburg,2020-03-10,nowcast,1.5,1.2,1.9,1.3,1.6,0.01
Brandenburg,2020-03-11,nowcast,1.4,1.1,1.7,1.3,1.6,0.01
Brandenburg,2020-03-12,nowcast,1.4,1.1,1.7,1.3,1.5,0.01
Brandenburg,2020-03-13,nowcast,1.3,1.1,1.6,1.2,1.5,0.02
Brandenburg,2020-03-14,nowcast,1.3,1,1.6,1.2,1.4,0.02
Brandenburg,2020-03-15,nowcast,1.3,1,1.5,1.2,1.4,0.03
Brandenburg,2020-03-16,nowcast,1.2,1,1.4,1.1,1.3,0.05
Brandenburg,2020-03-17,nowcast,1.2,1,1.4,1.1,1.3,0.05
Brandenburg,2020-03-18,nowcast,1.2,1,1.4,1.1,1.3,0.05
Brandenburg,2020-03-19,nowcast,1.2,1,1.4,1.1,1.3,0.05
Brandenburg,2020-03-20,nowcast,1.2,1,1.4,1.1,1.2,0.05
Brandenburg,2020-03-21,nowcast,1.2,1,1.3,1.1,1.2,0.05
Brandenburg,2020-03-22,nowcast,1.2,1,1.3,1.1,1.2,0.06
Brandenburg,2020-03-23,nowcast,1.1,1,1.3,1.1,1.2,0.09
Brandenburg,2020-03-24,nowcast,1.1,1,1.3,1.1,1.2,0.1
Brandenburg,2020-03-25,nowcast,1.1,0.9,1.3,1.1,1.2,0.14
Brandenburg,2020-03-26,nowcast,1.1,0.9,1.2,1,1.1,0.17
Brandenburg,2020-03-27,nowcast,1.1,0.9,1.2,1,1.1,0.23
Brandenburg,2020-03-28,nowcast,1,0.9,1.2,1,1.1,0.31
Brandenburg,2020-03-29,nowcast,1,0.8,1.2,1,1.1,0.44
Brandenburg,2020-03-30,nowcast,1,0.8,1.1,0.9,1.1,0.57
Brandenburg,2020-03-31,nowcast,1,0.8,1.1,0.9,1,0.68
Brandenburg,2020-04-01,nowcast,0.9,0.8,1.1,0.9,1,0.75
Brandenburg,2020-04-02,nowcast,0.9,0.8,1.1,0.9,1,0.82
Brandenburg,2020-04-03,nowcast,0.9,0.8,1.1,0.9,1,0.85
Brandenburg,2020-04-04,nowcast,0.9,0.8,1,0.9,1,0.89
Brandenburg,2020-04-05,nowcast,0.9,0.8,1,0.8,0.9,0.92
Brandenburg,2020-04-06,nowcast,0.9,0.7,1,0.8,0.9,0.94
Brandenburg,2020-04-07,nowcast,0.9,0.7,1,0.8,0.9,0.95
Brandenburg,2020-04-08,nowcast,0.9,0.7,1,0.8,0.9,0.93
Brandenburg,2020-04-09,nowcast,0.9,0.7,1,0.8,0.9,0.91
Brandenburg,2020-04-10,nowcast,0.9,0.7,1.1,0.8,0.9,0.86
Brandenburg,2020-04-11,nowcast,0.9,0.8,1.1,0.8,0.9,0.83
Brandenburg,2020-04-12,nowcast,0.9,0.8,1.1,0.8,1,0.81
Brandenburg,2020-04-13,nowcast,0.9,0.8,1.1,0.8,1,0.84
Brandenburg,2020-04-14,nowcast,0.9,0.7,1.1,0.8,1,0.88
Brandenburg,2020-04-15,nowcast,0.9,0.7,1,0.8,0.9,0.9
Brandenburg,2020-04-16,nowcast,0.9,0.7,1,0.8,0.9,0.93
Brandenburg,2020-04-17,nowcast,0.8,0.7,1,0.8,0.9,0.94
Brandenburg,2020-04-18,nowcast,0.8,0.7,1,0.8,0.9,0.95
Brandenburg,2020-04-19,nowcast,0.8,0.6,1,0.8,0.9,0.96
Brandenburg,2020-04-20,nowcast,0.8,0.6,1,0.8,0.9,0.97
Brandenburg,2020-04-21,nowcast,0.8,0.6,0.9,0.7,0.9,0.98
Brandenburg,2020-04-22,nowcast,0.8,0.6,0.9,0.7,0.8,0.98
Brandenburg,2020-04-23,nowcast,0.8,0.6,0.9,0.7,0.8,0.98
Brandenburg,2020-04-24,nowcast,0.8,0.6,0.9,0.7,0.8,0.97
Brandenburg,2020-04-25,nowcast,0.8,0.6,1,0.7,0.8,0.96
Brandenburg,2020-04-26,nowcast,0.7,0.5,0.9,0.7,0.8,0.97
Brandenburg,2020-04-27,nowcast,0.7,0.5,1,0.7,0.8,0.97
Brandenburg,2020-04-28,nowcast,0.7,0.5,0.9,0.6,0.8,0.97
Brandenburg,2020-04-29,nowcast,0.7,0.5,0.9,0.6,0.8,0.97
Brandenburg,2020-04-30,nowcast,0.7,0.5,0.9,0.6,0.8,0.97
Brandenburg,2020-05-01,nowcast,0.7,0.5,0.9,0.6,0.8,0.97
Brandenburg,2020-05-02,nowcast,0.7,0.5,0.9,0.6,0.8,0.98
Brandenburg,2020-05-03,nowcast,0.7,0.4,0.9,0.6,0.8,0.97
Brandenburg,2020-05-04,nowcast,0.7,0.4,0.9,0.6,0.7,0.97
Brandenburg,2020-05-05,nowcast,0.7,0.4,1,0.6,0.8,0.95
Brandenburg,2020-05-06,nowcast,0.7,0.4,1,0.6,0.8,0.93
Brandenburg,2020-05-07,nowcast,0.7,0.4,1.1,0.5,0.8,0.87
Brandenburg,2020-05-08,nowcast,0.8,0.4,1.3,0.6,0.9,0.79
Brandenburg,2020-05-09,nowcast,0.8,0.4,1.4,0.6,0.9,0.7
Brandenburg,2020-05-10,nowcast,0.9,0.4,1.6,0.6,1,0.62
Brandenburg,2020-05-11,nowcast,1,0.5,1.8,0.7,1.1,0.51
Brandenburg,2020-05-12,nowcast,1.1,0.5,2.1,0.7,1.2,0.4
Bremen,2020-03-09,nowcast,1.4,0.9,1.9,1.2,1.6,0.08
Bremen,2020-03-10,nowcast,1.4,0.9,1.9,1.2,1.5,0.08
Bremen,2020-03-11,nowcast,1.3,0.9,1.8,1.2,1.5,0.09
Bremen,2020-03-12,nowcast,1.3,0.9,1.8,1.1,1.4,0.09
Bremen,2020-03-13,nowcast,1.3,0.9,1.7,1.1,1.4,0.1
Bremen,2020-03-14,nowcast,1.3,0.9,1.7,1.1,1.4,0.1
Bremen,2020-03-15,nowcast,1.2,0.8,1.6,1.1,1.4,0.16
Bremen,2020-03-16,nowcast,1.2,0.8,1.5,1,1.3,0.21
Bremen,2020-03-17,nowcast,1.1,0.8,1.5,1,1.3,0.27
Bremen,2020-03-18,nowcast,1.1,0.7,1.4,1,1.2,0.33
Bremen,2020-03-19,nowcast,1,0.7,1.4,0.9,1.2,0.39
Bremen,2020-03-20,nowcast,1,0.7,1.3,0.9,1.1,0.44
Bremen,2020-03-21,nowcast,1,0.7,1.3,0.9,1.1,0.48
Bremen,2020-03-22,nowcast,1,0.7,1.3,0.9,1.1,0.52
Bremen,2020-03-23,nowcast,1,0.7,1.3,0.9,1.1,0.56
Bremen,2020-03-24,nowcast,1,0.7,1.2,0.9,1.1,0.58
Bremen,2020-03-25,nowcast,1,0.7,1.3,0.9,1.1,0.59
Bremen,2020-03-26,nowcast,1,0.7,1.3,0.9,1.1,0.6
Bremen,2020-03-27,nowcast,1,0.7,1.3,0.8,1,0.58
Bremen,2020-03-28,nowcast,1,0.7,1.3,0.8,1.1,0.56
Bremen,2020-03-29,nowcast,1,0.7,1.3,0.8,1.1,0.54
Bremen,2020-03-30,nowcast,1,0.7,1.3,0.9,1.1,0.53
Bremen,2020-03-31,nowcast,1,0.7,1.3,0.9,1.1,0.53
Bremen,2020-04-01,nowcast,1,0.7,1.3,0.9,1.1,0.52
Bremen,2020-04-02,nowcast,1,0.7,1.3,0.9,1.1,0.51
Bremen,2020-04-03,nowcast,1,0.7,1.3,0.9,1.1,0.48
Bremen,2020-04-04,nowcast,1,0.7,1.4,0.9,1.1,0.45
Bremen,2020-04-05,nowcast,1.1,0.8,1.4,0.9,1.1,0.39
Bremen,2020-04-06,nowcast,1.1,0.8,1.4,0.9,1.2,0.34
Bremen,2020-04-07,nowcast,1.1,0.8,1.4,1,1.2,0.28
Bremen,2020-04-08,nowcast,1.1,0.8,1.5,1,1.2,0.23
Bremen,2020-04-09,nowcast,1.2,0.9,1.5,1,1.2,0.18
Bremen,2020-04-10,nowcast,1.2,0.9,1.5,1,1.3,0.12
Bremen,2020-04-11,nowcast,1.2,0.9,1.6,1,1.3,0.12
Bremen,2020-04-12,nowcast,1.2,0.9,1.5,1.1,1.3,0.11
Bremen,2020-04-13,nowcast,1.2,0.9,1.5,1.1,1.3,0.12
Bremen,2020-04-14,nowcast,1.2,0.9,1.5,1.1,1.3,0.13
Bremen,2020-04-15,nowcast,1.2,0.9,1.4,1.1,1.3,0.16
Bremen,2020-04-16,nowcast,1.1,0.9,1.4,1,1.2,0.19
Bremen,2020-04-17,nowcast,1.1,0.8,1.4,1,1.2,0.24
Bremen,2020-04-18,nowcast,1.1,0.8,1.3,1,1.2,0.31
Bremen,2020-04-19,nowcast,1,0.7,1.3,0.9,1.1,0.44
Bremen,2020-04-20,nowcast,1,0.7,1.2,0.9,1.1,0.54
Bremen,2020-04-21,nowcast,1,0.7,1.2,0.9,1.1,0.61
Bremen,2020-04-22,nowcast,0.9,0.7,1.2,0.8,1,0.67
Bremen,2020-04-23,nowcast,0.9,0.7,1.2,0.8,1,0.67
Bremen,2020-04-24,nowcast,0.9,0.7,1.2,0.8,1,0.67
Bremen,2020-04-25,nowcast,0.9,0.7,1.2,0.8,1,0.65
Bremen,2020-04-26,nowcast,0.9,0.7,1.2,0.8,1,0.68
Bremen,2020-04-27,nowcast,0.9,0.7,1.2,0.8,1,0.67
Bremen,2020-04-28,nowcast,1,0.7,1.2,0.9,1,0.62
Bremen,2020-04-29,nowcast,1,0.7,1.3,0.9,1.1,0.58
Bremen,2020-04-30,nowcast,1,0.7,1.3,0.9,1.1,0.55
Bremen,2020-05-01,nowcast,1,0.7,1.3,0.9,1.1,0.51
Bremen,2020-05-02,nowcast,1,0.7,1.3,0.9,1.1,0.52
Bremen,2020-05-03,nowcast,1,0.7,1.2,0.9,1.1,0.59
Bremen,2020-05-04,nowcast,1,0.7,1.2,0.9,1.1,0.61
Bremen,2020-05-05,nowcast,0.9,0.7,1.2,0.8,1,0.66
Bremen,2020-05-06,nowcast,0.9,0.7,1.2,0.8,1,0.65
Bremen,2020-05-07,nowcast,0.9,0.7,1.2,0.8,1,0.63
Bremen,2020-05-08,nowcast,1,0.7,1.3,0.8,1,0.58
Bremen,2020-05-09,nowcast,1,0.7,1.3,0.9,1.1,0.53
Bremen,2020-05-10,nowcast,1,0.7,1.4,0.9,1.1,0.48
Bremen,2020-05-11,nowcast,1,0.7,1.4,0.9,1.1,0.42
Bremen,2020-05-12,nowcast,1.1,0.7,1.5,0.9,1.2,0.38
Bremen,2020-05-13,nowcast,1.1,0.7,1.6,0.9,1.2,0.31
Hamburg,2020-03-05,nowcast,1.7,1.3,2.1,1.5,1.8,0
Hamburg,2020-03-06,nowcast,1.6,1.3,2,1.5,1.8,0
Hamburg,2020-03-07,nowcast,1.6,1.3,1.9,1.5,1.7,0
Hamburg,2020-03-08,nowcast,1.5,1.3,1.9,1.4,1.6,0
Hamburg,2020-03-09,nowcast,1.5,1.2,1.8,1.4,1.6,0
Hamburg,2020-03-10,nowcast,1.5,1.2,1.7,1.3,1.5,0
Hamburg,2020-03-11,nowcast,1.4,1.2,1.6,1.3,1.5,0
Hamburg,2020-03-12,nowcast,1.3,1.1,1.6,1.2,1.4,0
Hamburg,2020-03-13,nowcast,1.3,1.1,1.5,1.2,1.4,0.01
Hamburg,2020-03-14,nowcast,1.2,1.1,1.4,1.2,1.3,0.02
Hamburg,2020-03-15,nowcast,1.2,1,1.4,1.1,1.3,0.04
Hamburg,2020-03-16,nowcast,1.1,1,1.3,1.1,1.2,0.08
Hamburg,2020-03-17,nowcast,1.1,0.9,1.3,1,1.2,0.13
Hamburg,2020-03-18,nowcast,1.1,0.9,1.2,1,1.1,0.2
Hamburg,2020-03-19,nowcast,1.1,0.9,1.2,1,1.1,0.27
Hamburg,2020-03-20,nowcast,1,0.9,1.2,1,1.1,0.36
Hamburg,2020-03-21,nowcast,1,0.9,1.1,1,1.1,0.49
Hamburg,2020-03-22,nowcast,1,0.8,1.1,0.9,1,0.61
Hamburg,2020-03-23,nowcast,1,0.8,1.1,0.9,1,0.7
Hamburg,2020-03-24,nowcast,1,0.8,1.1,0.9,1,0.79
Hamburg,2020-03-25,nowcast,0.9,0.8,1,0.9,1,0.82
Hamburg,2020-03-26,nowcast,0.9,0.8,1,0.9,1,0.84
Hamburg,2020-03-27,nowcast,0.9,0.8,1,0.9,1,0.85
Hamburg,2020-03-28,nowcast,0.9,0.8,1,0.9,1,0.87
Hamburg,2020-03-29,nowcast,0.9,0.8,1,0.9,1,0.9
Hamburg,2020-03-30,nowcast,0.9,0.8,1,0.9,1,0.93
Hamburg,2020-03-31,nowcast,0.9,0.8,1,0.9,0.9,0.96
Hamburg,2020-04-01,nowcast,0.9,0.8,1,0.8,0.9,0.98
Hamburg,2020-04-02,nowcast,0.8,0.7,1,0.8,0.9,0.99
Hamburg,2020-04-03,nowcast,0.8,0.7,0.9,0.8,0.9,0.99
Hamburg,2020-04-04,nowcast,0.8,0.7,0.9,0.8,0.9,0.99
Hamburg,2020-04-05,nowcast,0.8,0.7,0.9,0.7,0.8,1
Hamburg,2020-04-06,nowcast,0.8,0.6,0.9,0.7,0.8,1
Hamburg,2020-04-07,nowcast,0.8,0.6,0.9,0.7,0.8,1
Hamburg,2020-04-08,nowcast,0.8,0.6,0.9,0.7,0.8,0.99
Hamburg,2020-04-09,nowcast,0.8,0.6,0.9,0.7,0.8,0.99
Hamburg,2020-04-10,nowcast,0.8,0.6,0.9,0.7,0.8,0.99
Hamburg,2020-04-11,nowcast,0.8,0.6,0.9,0.7,0.8,0.98
Hamburg,2020-04-12,nowcast,0.8,0.6,0.9,0.7,0.8,0.99
Hamburg,2020-04-13,nowcast,0.8,0.6,0.9,0.7,0.8,0.99
Hamburg,2020-04-14,nowcast,0.8,0.6,0.9,0.7,0.8,0.99
Hamburg,2020-04-15,nowcast,0.8,0.6,0.9,0.7,0.8,0.99
Hamburg,2020-04-16,nowcast,0.7,0.6,0.9,0.7,0.8,0.99
Hamburg,2020-04-17,nowcast,0.7,0.6,0.9,0.7,0.8,0.99
Hamburg,2020-04-18,nowcast,0.7,0.6,0.9,0.7,0.8,0.98
Hamburg,2020-04-19,nowcast,0.7,0.6,0.9,0.7,0.8,0.99
Hamburg,2020-04-20,nowcast,0.7,0.5,0.9,0.7,0.8,0.99
Hamburg,2020-04-21,nowcast,0.7,0.5,0.9,0.6,0.8,0.99
Hamburg,2020-04-22,nowcast,0.7,0.5,0.9,0.6,0.8,0.99
Hamburg,2020-04-23,nowcast,0.7,0.5,0.9,0.6,0.7,0.99
Hamburg,2020-04-24,nowcast,0.7,0.5,0.9,0.6,0.7,0.98
Hamburg,2020-04-25,nowcast,0.7,0.5,0.9,0.6,0.7,0.98
Hamburg,2020-04-26,nowcast,0.7,0.4,0.9,0.6,0.8,0.98
Hamburg,2020-04-27,nowcast,0.7,0.4,0.9,0.6,0.7,0.97
Hamburg,2020-04-28,nowcast,0.7,0.4,0.9,0.6,0.7,0.97
Hamburg,2020-04-29,nowcast,0.7,0.4,1,0.6,0.8,0.95
Hamburg,2020-04-30,nowcast,0.7,0.5,1,0.6,0.8,0.94
Hamburg,2020-05-01,nowcast,0.7,0.5,1,0.6,0.8,0.91
Hamburg,2020-05-02,nowcast,0.7,0.5,1.1,0.6,0.8,0.89
Hamburg,2020-05-03,nowcast,0.7,0.5,1.1,0.6,0.8,0.89
Hamburg,2020-05-04,nowcast,0.8,0.4,1.1,0.6,0.9,0.89
Hamburg,2020-05-05,nowcast,0.8,0.5,1.1,0.6,0.8,0.88
Hamburg,2020-05-06,nowcast,0.8,0.4,1.2,0.6,0.9,0.85
Hamburg,2020-05-07,nowcast,0.8,0.4,1.2,0.6,0.9,0.81
Hamburg,2020-05-08,nowcast,0.8,0.4,1.3,0.6,0.9,0.75
Hamburg,2020-05-09,nowcast,0.9,0.4,1.4,0.7,1,0.65
Hamburg,2020-05-10,nowcast,0.9,0.5,1.6,0.7,1.1,0.6
Hamburg,2020-05-11,nowcast,1,0.5,1.8,0.7,1.1,0.49
Hamburg,2020-05-12,nowcast,1.1,0.5,2,0.7,1.3,0.37
Hessen,2020-03-05,nowcast,1.7,1.4,2.1,1.6,1.9,0
Hessen,2020-03-06,nowcast,1.7,1.4,2,1.6,1.8,0
Hessen,2020-03-07,nowcast,1.7,1.3,2,1.5,1.7,0
Hessen,2020-03-08,nowcast,1.6,1.3,1.9,1.5,1.7,0
Hessen,2020-03-09,nowcast,1.6,1.3,1.8,1.4,1.6,0
Hessen,2020-03-10,nowcast,1.5,1.3,1.8,1.4,1.6,0
Hessen,2020-03-11,nowcast,1.4,1.2,1.7,1.3,1.5,0
Hessen,2020-03-12,nowcast,1.4,1.2,1.6,1.3,1.5,0
Hessen,2020-03-13,nowcast,1.3,1.2,1.6,1.3,1.4,0
Hessen,2020-03-14,nowcast,1.3,1.1,1.5,1.2,1.3,0
Hessen,2020-03-15,nowcast,1.2,1.1,1.4,1.2,1.3,0.01
Hessen,2020-03-16,nowcast,1.2,1,1.4,1.1,1.3,0.01
Hessen,2020-03-17,nowcast,1.2,1,1.3,1.1,1.2,0.02
Hessen,2020-03-18,nowcast,1.2,1,1.3,1.1,1.2,0.03
Hessen,2020-03-19,nowcast,1.1,1,1.3,1.1,1.2,0.03
Hessen,2020-03-20,nowcast,1.1,1,1.2,1.1,1.2,0.06
Hessen,2020-03-21,nowcast,1.1,1,1.2,1,1.1,0.11
Hessen,2020-03-22,nowcast,1.1,1,1.2,1,1.1,0.18
Hessen,2020-03-23,nowcast,1,0.9,1.1,1,1.1,0.28
Hessen,2020-03-24,nowcast,1,0.9,1.1,1,1.1,0.41
Hessen,2020-03-25,nowcast,1,0.9,1.1,1,1,0.52
Hessen,2020-03-26,nowcast,1,0.9,1.1,1,1,0.6
Hessen,2020-03-27,nowcast,1,0.9,1.1,0.9,1,0.67
Hessen,2020-03-28,nowcast,1,0.9,1,0.9,1,0.77
Hessen,2020-03-29,nowcast,1,0.9,1,0.9,1,0.86
Hessen,2020-03-30,nowcast,0.9,0.8,1,0.9,1,0.92
Hessen,2020-03-31,nowcast,0.9,0.8,1,0.9,1,0.95
Hessen,2020-04-01,nowcast,0.9,0.8,1,0.9,1,0.97
Hessen,2020-04-02,nowcast,0.9,0.8,1,0.9,0.9,0.97
Hessen,2020-04-03,nowcast,0.9,0.8,1,0.9,0.9,0.97
Hessen,2020-04-04,nowcast,0.9,0.8,1,0.9,0.9,0.97
Hessen,2020-04-05,nowcast,0.9,0.8,1,0.9,0.9,0.98
Hessen,2020-04-06,nowcast,0.9,0.8,1,0.8,0.9,0.99
Hessen,2020-04-07,nowcast,0.9,0.8,1,0.8,0.9,0.99
Hessen,2020-04-08,nowcast,0.9,0.8,1,0.8,0.9,0.99
Hessen,2020-04-09,nowcast,0.9,0.8,1,0.8,0.9,0.98
Hessen,2020-04-10,nowcast,0.9,0.8,1,0.8,0.9,0.97
Hessen,2020-04-11,nowcast,0.9,0.8,1,0.8,0.9,0.96
Hessen,2020-04-12,nowcast,0.9,0.8,1,0.8,0.9,0.97
Hessen,2020-04-13,nowcast,0.9,0.8,1,0.8,0.9,0.98
Hessen,2020-04-14,nowcast,0.9,0.7,0.9,0.8,0.9,0.99
Hessen,2020-04-15,nowcast,0.8,0.7,0.9,0.8,0.9,0.99
Hessen,2020-04-16,nowcast,0.8,0.7,0.9,0.8,0.9,0.99
Hessen,2020-04-17,nowcast,0.8,0.7,0.9,0.8,0.9,0.99
Hessen,2020-04-18,nowcast,0.8,0.7,0.9,0.8,0.9,0.99
Hessen,2020-04-19,nowcast,0.8,0.7,0.9,0.8,0.9,0.99
Hessen,2020-04-20,nowcast,0.8,0.7,0.9,0.8,0.9,0.99
Hessen,2020-04-21,nowcast,0.8,0.7,0.9,0.8,0.9,0.99
Hessen,2020-04-22,nowcast,0.8,0.7,0.9,0.8,0.9,0.98
Hessen,2020-04-23,nowcast,0.8,0.7,1,0.8,0.9,0.97
Hessen,2020-04-24,nowcast,0.8,0.7,1,0.8,0.9,0.96
Hessen,2020-04-25,nowcast,0.8,0.7,1,0.8,0.9,0.95
Hessen,2020-04-26,nowcast,0.8,0.7,1,0.8,0.9,0.95
Hessen,2020-04-27,nowcast,0.9,0.7,1,0.8,0.9,0.95
Hessen,2020-04-28,nowcast,0.9,0.7,1,0.8,0.9,0.95
Hessen,2020-04-29,nowcast,0.9,0.7,1,0.8,0.9,0.91
Hessen,2020-04-30,nowcast,0.9,0.8,1.1,0.8,0.9,0.87
Hessen,2020-05-01,nowcast,0.9,0.8,1.1,0.8,1,0.8
Hessen,2020-05-02,nowcast,0.9,0.8,1.1,0.9,1,0.78
Hessen,2020-05-03,nowcast,0.9,0.8,1.1,0.9,1,0.76
Hessen,2020-05-04,nowcast,0.9,0.8,1.1,0.9,1,0.77
Hessen,2020-05-05,nowcast,0.9,0.8,1.1,0.9,1,0.77
Hessen,2020-05-06,nowcast,0.9,0.8,1.1,0.9,1,0.72
Hessen,2020-05-07,nowcast,1,0.8,1.1,0.9,1,0.63
Hessen,2020-05-08,nowcast,1,0.8,1.2,0.9,1,0.55
Hessen,2020-05-09,nowcast,1,0.9,1.2,0.9,1.1,0.43
Hessen,2020-05-10,nowcast,1,0.9,1.3,0.9,1.1,0.35
Hessen,2020-05-11,nowcast,1.1,0.9,1.3,1,1.1,0.3
Hessen,2020-05-12,nowcast,1.1,0.9,1.3,1,1.1,0.27
Hessen,2020-05-13,nowcast,1.1,0.9,1.4,1,1.2,0.23
Hessen,2020-05-14,forecast,1.1,0.8,1.4,1,1.2,0.26
Hessen,2020-05-15,forecast,1.1,0.8,1.4,0.9,1.2,0.27
Hessen,2020-05-16,forecast,1.1,0.8,1.5,1,1.2,0.27
Hessen,2020-05-17,forecast,1.1,0.8,1.5,0.9,1.2,0.28
Hessen,2020-05-18,forecast,1.1,0.8,1.5,0.9,1.2,0.29
Hessen,2020-05-19,forecast,1.1,0.7,1.5,0.9,1.2,0.29
Hessen,2020-05-20,forecast,1.1,0.7,1.5,0.9,1.2,0.29
Hessen,2020-05-21,forecast,1.1,0.7,1.6,1,1.3,0.3
Hessen,2020-05-22,forecast,1.1,0.7,1.6,0.9,1.2,0.29
Hessen,2020-05-23,forecast,1.1,0.7,1.6,1,1.3,0.29
Hessen,2020-05-24,forecast,1.1,0.7,1.6,1,1.3,0.3
Hessen,2020-05-25,forecast,1.1,0.7,1.7,0.9,1.3,0.3
Hessen,2020-05-26,forecast,1.1,0.7,1.7,0.9,1.3,0.3
Hessen,2020-05-27,forecast,1.1,0.7,1.7,0.9,1.3,0.3
Mecklenburg-Vorpommern,2020-03-11,nowcast,1.4,0.9,1.8,1.2,1.6,0.04
Mecklenburg-Vorpommern,2020-03-12,nowcast,1.4,1,1.8,1.2,1.5,0.06
Mecklenburg-Vorpommern,2020-03-13,nowcast,1.3,0.9,1.7,1.1,1.4,0.09
Mecklenburg-Vorpommern,2020-03-14,nowcast,1.2,0.9,1.6,1.1,1.4,0.13
Mecklenburg-Vorpommern,2020-03-15,nowcast,1.2,0.8,1.5,1.1,1.3,0.19
Mecklenburg-Vorpommern,2020-03-16,nowcast,1.1,0.8,1.4,1,1.3,0.23
Mecklenburg-Vorpommern,2020-03-17,nowcast,1.1,0.8,1.4,1,1.2,0.28
Mecklenburg-Vorpommern,2020-03-18,nowcast,1.1,0.8,1.4,0.9,1.2,0.31
Mecklenburg-Vorpommern,2020-03-19,nowcast,1.1,0.8,1.4,1,1.2,0.29
Mecklenburg-Vorpommern,2020-03-20,nowcast,1.1,0.8,1.4,1,1.2,0.3
Mecklenburg-Vorpommern,2020-03-21,nowcast,1.1,0.8,1.3,1,1.2,0.34
Mecklenburg-Vorpommern,2020-03-22,nowcast,1,0.8,1.3,1,1.2,0.39
Mecklenburg-Vorpommern,2020-03-23,nowcast,1,0.7,1.3,0.9,1.1,0.47
Mecklenburg-Vorpommern,2020-03-24,nowcast,1,0.7,1.2,0.9,1.1,0.54
Mecklenburg-Vorpommern,2020-03-25,nowcast,1,0.7,1.2,0.9,1.1,0.61
Mecklenburg-Vorpommern,2020-03-26,nowcast,0.9,0.7,1.2,0.8,1,0.7
Mecklenburg-Vorpommern,2020-03-27,nowcast,0.9,0.6,1.2,0.8,1,0.76
Mecklenburg-Vorpommern,2020-03-28,nowcast,0.9,0.6,1.1,0.8,1,0.83
Mecklenburg-Vorpommern,2020-03-29,nowcast,0.8,0.6,1.1,0.7,0.9,0.89
Mecklenburg-Vorpommern,2020-03-30,nowcast,0.8,0.5,1,0.7,0.9,0.92
Mecklenburg-Vorpommern,2020-03-31,nowcast,0.8,0.5,1,0.7,0.9,0.95
Mecklenburg-Vorpommern,2020-04-01,nowcast,0.7,0.5,1,0.7,0.8,0.96
Mecklenburg-Vorpommern,2020-04-02,nowcast,0.7,0.4,1,0.6,0.8,0.95
Mecklenburg-Vorpommern,2020-04-03,nowcast,0.7,0.5,1,0.6,0.8,0.96
Mecklenburg-Vorpommern,2020-04-04,nowcast,0.7,0.4,1,0.6,0.8,0.96
Mecklenburg-Vorpommern,2020-04-05,nowcast,0.7,0.4,1,0.6,0.8,0.95
Mecklenburg-Vorpommern,2020-04-06,nowcast,0.7,0.4,0.9,0.6,0.8,0.95
Mecklenburg-Vorpommern,2020-04-07,nowcast,0.7,0.3,0.9,0.6,0.8,0.95
Mecklenburg-Vorpommern,2020-04-08,nowcast,0.7,0.3,1,0.5,0.7,0.94
Mecklenburg-Vorpommern,2020-04-09,nowcast,0.6,0.3,1,0.5,0.8,0.93
Mecklenburg-Vorpommern,2020-04-10,nowcast,0.7,0.3,1,0.5,0.8,0.93
Mecklenburg-Vorpommern,2020-04-11,nowcast,0.7,0.3,1.1,0.5,0.8,0.89
Mecklenburg-Vorpommern,2020-04-12,nowcast,0.7,0.3,1.1,0.5,0.8,0.87
Mecklenburg-Vorpommern,2020-04-13,nowcast,0.7,0.3,1.2,0.5,0.8,0.86
Mecklenburg-Vorpommern,2020-04-14,nowcast,0.7,0.3,1.2,0.5,0.8,0.84
Mecklenburg-Vorpommern,2020-04-15,nowcast,0.8,0.3,1.3,0.6,0.9,0.8
Mecklenburg-Vorpommern,2020-04-16,nowcast,0.8,0.3,1.4,0.6,0.9,0.74
Mecklenburg-Vorpommern,2020-04-17,nowcast,0.9,0.4,1.4,0.6,1,0.68
Mecklenburg-Vorpommern,2020-04-18,nowcast,0.9,0.4,1.5,0.6,1,0.62
Mecklenburg-Vorpommern,2020-04-19,nowcast,0.9,0.4,1.7,0.7,1.1,0.56
Mecklenburg-Vorpommern,2020-04-20,nowcast,1,0.4,1.6,0.7,1.2,0.52
Mecklenburg-Vorpommern,2020-04-21,nowcast,1,0.5,1.6,0.7,1.1,0.51
Mecklenburg-Vorpommern,2020-04-22,nowcast,1,0.5,1.7,0.7,1.2,0.48
Mecklenburg-Vorpommern,2020-04-23,nowcast,1,0.5,1.6,0.7,1.2,0.48
Mecklenburg-Vorpommern,2020-04-24,nowcast,1,0.5,1.7,0.8,1.2,0.49
Mecklenburg-Vorpommern,2020-04-25,nowcast,1,0.4,1.6,0.7,1.2,0.51
Mecklenburg-Vorpommern,2020-04-26,nowcast,1,0.4,1.6,0.7,1.2,0.51
Mecklenburg-Vorpommern,2020-04-27,nowcast,1,0.4,1.6,0.7,1.1,0.54
Mecklenburg-Vorpommern,2020-04-28,nowcast,1,0.4,1.6,0.7,1.1,0.53
Mecklenburg-Vorpommern,2020-04-29,nowcast,1,0.4,1.6,0.7,1.2,0.54
Mecklenburg-Vorpommern,2020-04-30,nowcast,1,0.4,1.6,0.7,1.2,0.53
Mecklenburg-Vorpommern,2020-05-01,nowcast,1,0.4,1.6,0.7,1.1,0.5
Mecklenburg-Vorpommern,2020-05-02,nowcast,1,0.4,1.7,0.7,1.2,0.5
Mecklenburg-Vorpommern,2020-05-03,nowcast,1,0.4,1.6,0.8,1.2,0.47
Mecklenburg-Vorpommern,2020-05-04,nowcast,1.1,0.4,1.7,0.8,1.3,0.44
Mecklenburg-Vorpommern,2020-05-05,nowcast,1.1,0.5,1.8,0.8,1.3,0.43
Mecklenburg-Vorpommern,2020-05-06,nowcast,1.1,0.5,1.8,0.8,1.3,0.4
Mecklenburg-Vorpommern,2020-05-07,nowcast,1.1,0.5,1.9,0.8,1.3,0.37
Mecklenburg-Vorpommern,2020-05-08,nowcast,1.2,0.4,2,0.9,1.4,0.33
Mecklenburg-Vorpommern,2020-05-09,nowcast,1.2,0.5,2.2,0.8,1.4,0.27
Mecklenburg-Vorpommern,2020-05-10,nowcast,1.3,0.6,2.3,1,1.6,0.22
Mecklenburg-Vorpommern,2020-05-11,nowcast,1.4,0.6,2.5,1,1.7,0.17
Mecklenburg-Vorpommern,2020-05-12,nowcast,1.6,0.7,2.9,1.1,1.9,0.11
Niedersachsen,2020-03-03,nowcast,1.8,1.4,2.3,1.6,2,0
Niedersachsen,2020-03-04,nowcast,1.8,1.4,2.2,1.6,1.9,0
Niedersachsen,2020-03-05,nowcast,1.8,1.4,2.2,1.5,1.8,0
Niedersachsen,2020-03-06,nowcast,1.7,1.4,2.1,1.5,1.8,0
Niedersachsen,2020-03-07,nowcast,1.7,1.4,2,1.5,1.8,0
Niedersachsen,2020-03-08,nowcast,1.6,1.3,2,1.5,1.7,0
Niedersachsen,2020-03-09,nowcast,1.6,1.3,1.9,1.4,1.6,0
Niedersachsen,2020-03-10,nowcast,1.5,1.3,1.8,1.4,1.6,0
Niedersachsen,2020-03-11,nowcast,1.5,1.2,1.7,1.4,1.5,0
Niedersachsen,2020-03-12,nowcast,1.4,1.2,1.7,1.3,1.5,0
Niedersachsen,2020-03-13,nowcast,1.4,1.2,1.6,1.3,1.5,0
Niedersachsen,2020-03-14,nowcast,1.3,1.1,1.5,1.3,1.4,0
Niedersachsen,2020-03-15,nowcast,1.3,1.1,1.5,1.2,1.3,0
Niedersachsen,2020-03-16,nowcast,1.2,1.1,1.4,1.2,1.3,0
Niedersachsen,2020-03-17,nowcast,1.2,1.1,1.4,1.2,1.3,0.01
Niedersachsen,2020-03-18,nowcast,1.2,1,1.3,1.1,1.2,0.01
Niedersachsen,2020-03-19,nowcast,1.2,1,1.3,1.1,1.2,0.01
Niedersachsen,2020-03-20,nowcast,1.2,1,1.3,1.1,1.2,0.02
Niedersachsen,2020-03-21,nowcast,1.1,1,1.2,1.1,1.2,0.03
Niedersachsen,2020-03-22,nowcast,1.1,1,1.2,1.1,1.1,0.06
Niedersachsen,2020-03-23,nowcast,1.1,1,1.2,1,1.1,0.16
Niedersachsen,2020-03-24,nowcast,1,0.9,1.1,1,1.1,0.29
Niedersachsen,2020-03-25,nowcast,1,0.9,1.1,1,1,0.5
Niedersachsen,2020-03-26,nowcast,1,0.9,1.1,0.9,1,0.63
Niedersachsen,2020-03-27,nowcast,1,0.9,1,0.9,1,0.74
Niedersachsen,2020-03-28,nowcast,1,0.9,1,0.9,1,0.82
Niedersachsen,2020-03-29,nowcast,0.9,0.8,1,0.9,1,0.91
Niedersachsen,2020-03-30,nowcast,0.9,0.8,1,0.9,1,0.97
Niedersachsen,2020-03-31,nowcast,0.9,0.8,1,0.9,0.9,0.99
Niedersachsen,2020-04-01,nowcast,0.9,0.8,1,0.9,0.9,1
Niedersachsen,2020-04-02,nowcast,0.9,0.8,1,0.9,0.9,1
Niedersachsen,2020-04-03,nowcast,0.9,0.8,0.9,0.8,0.9,1
Niedersachsen,2020-04-04,nowcast,0.9,0.8,0.9,0.8,0.9,1
Niedersachsen,2020-04-05,nowcast,0.8,0.8,0.9,0.8,0.9,1
Niedersachsen,2020-04-06,nowcast,0.8,0.7,0.9,0.8,0.9,1
Niedersachsen,2020-04-07,nowcast,0.8,0.7,0.9,0.8,0.9,1
Niedersachsen,2020-04-08,nowcast,0.8,0.7,0.9,0.8,0.8,1
Niedersachsen,2020-04-09,nowcast,0.8,0.7,0.9,0.8,0.8,1
Niedersachsen,2020-04-10,nowcast,0.8,0.7,0.9,0.8,0.9,0.99
Niedersachsen,2020-04-11,nowcast,0.8,0.7,0.9,0.8,0.9,0.99
Niedersachsen,2020-04-12,nowcast,0.8,0.7,0.9,0.8,0.9,0.98
Niedersachsen,2020-04-13,nowcast,0.8,0.7,0.9,0.8,0.9,0.99
Niedersachsen,2020-04-14,nowcast,0.8,0.7,0.9,0.8,0.9,1
Niedersachsen,2020-04-15,nowcast,0.8,0.7,0.9,0.8,0.9,1
Niedersachsen,2020-04-16,nowcast,0.8,0.7,0.9,0.8,0.8,1
Niedersachsen,2020-04-17,nowcast,0.8,0.7,0.9,0.8,0.8,1
Niedersachsen,2020-04-18,nowcast,0.8,0.7,0.9,0.7,0.8,1
Niedersachsen,2020-04-19,nowcast,0.8,0.7,0.9,0.7,0.8,1
Niedersachsen,2020-04-20,nowcast,0.8,0.6,0.9,0.7,0.8,1
Niedersachsen,2020-04-21,nowcast,0.8,0.6,0.9,0.7,0.8,1
Niedersachsen,2020-04-22,nowcast,0.7,0.6,0.9,0.7,0.8,1
Niedersachsen,2020-04-23,nowcast,0.8,0.6,0.9,0.7,0.8,0.99
Niedersachsen,2020-04-24,nowcast,0.8,0.6,0.9,0.7,0.8,0.98
Niedersachsen,2020-04-25,nowcast,0.8,0.6,1,0.7,0.8,0.97
Niedersachsen,2020-04-26,nowcast,0.8,0.7,1,0.7,0.8,0.96
Niedersachsen,2020-04-27,nowcast,0.8,0.7,1,0.8,0.9,0.95
Niedersachsen,2020-04-28,nowcast,0.8,0.7,1,0.8,0.9,0.92
Niedersachsen,2020-04-29,nowcast,0.9,0.7,1,0.8,0.9,0.9
Niedersachsen,2020-04-30,nowcast,0.9,0.7,1.1,0.8,0.9,0.85
Niedersachsen,2020-05-01,nowcast,0.9,0.7,1.1,0.8,1,0.83
Niedersachsen,2020-05-02,nowcast,0.9,0.8,1.1,0.8,1,0.82
Niedersachsen,2020-05-03,nowcast,0.9,0.7,1.1,0.8,0.9,0.87
Niedersachsen,2020-05-04,nowcast,0.9,0.7,1,0.8,0.9,0.89
Niedersachsen,2020-05-05,nowcast,0.9,0.7,1,0.8,0.9,0.91
Niedersachsen,2020-05-06,nowcast,0.9,0.7,1,0.8,0.9,0.91
Niedersachsen,2020-05-07,nowcast,0.9,0.7,1,0.8,0.9,0.91
Niedersachsen,2020-05-08,nowcast,0.9,0.7,1.1,0.8,0.9,0.86
Niedersachsen,2020-05-09,nowcast,0.9,0.7,1.1,0.8,1,0.75
Niedersachsen,2020-05-10,nowcast,0.9,0.8,1.2,0.8,1,0.7
Niedersachsen,2020-05-11,nowcast,1,0.8,1.2,0.9,1,0.64
Niedersachsen,2020-05-12,nowcast,1,0.8,1.2,0.9,1.1,0.53
Niedersachsen,2020-05-13,nowcast,1,0.8,1.3,0.9,1.1,0.41
Niedersachsen,2020-05-14,forecast,1,0.8,1.3,0.9,1.1,0.44
Niedersachsen,2020-05-15,forecast,1,0.7,1.3,0.9,1.1,0.45
Niedersachsen,2020-05-16,forecast,1,0.7,1.3,0.9,1.1,0.46
Niedersachsen,2020-05-17,forecast,1,0.7,1.4,0.9,1.1,0.45
Niedersachsen,2020-05-18,forecast,1,0.7,1.4,0.8,1.1,0.45
Niedersachsen,2020-05-19,forecast,1,0.7,1.4,0.9,1.2,0.45
Niedersachsen,2020-05-20,forecast,1,0.7,1.4,0.9,1.2,0.44
Niedersachsen,2020-05-21,forecast,1,0.7,1.5,0.9,1.2,0.44
Niedersachsen,2020-05-22,forecast,1,0.6,1.5,0.8,1.2,0.44
Niedersachsen,2020-05-23,forecast,1,0.6,1.5,0.9,1.2,0.44
Niedersachsen,2020-05-24,forecast,1,0.6,1.5,0.9,1.2,0.43
Niedersachsen,2020-05-25,forecast,1,0.6,1.5,0.8,1.2,0.44
Niedersachsen,2020-05-26,forecast,1,0.6,1.6,0.9,1.2,0.45
Niedersachsen,2020-05-27,forecast,1,0.5,1.5,0.8,1.2,0.43
Nordrhein-Westfalen,2020-02-27,nowcast,1.8,1.5,2.1,1.6,1.9,0
Nordrhein-Westfalen,2020-02-28,nowcast,1.7,1.4,2.1,1.6,1.9,0
Nordrhein-Westfalen,2020-02-29,nowcast,1.7,1.4,2.1,1.6,1.8,0
Nordrhein-Westfalen,2020-03-01,nowcast,1.7,1.4,2,1.6,1.8,0
Nordrhein-Westfalen,2020-03-02,nowcast,1.7,1.4,2,1.6,1.8,0
Nordrhein-Westfalen,2020-03-03,nowcast,1.7,1.4,1.9,1.5,1.7,0
Nordrhein-Westfalen,2020-03-04,nowcast,1.6,1.4,1.9,1.5,1.7,0
Nordrhein-Westfalen,2020-03-05,nowcast,1.6,1.4,1.9,1.5,1.7,0
Nordrhein-Westfalen,2020-03-06,nowcast,1.6,1.4,1.8,1.5,1.7,0
Nordrhein-Westfalen,2020-03-07,nowcast,1.6,1.3,1.8,1.5,1.7,0
Nordrhein-Westfalen,2020-03-08,nowcast,1.5,1.3,1.8,1.4,1.6,0
Nordrhein-Westfalen,2020-03-09,nowcast,1.5,1.3,1.7,1.4,1.6,0
Nordrhein-Westfalen,2020-03-10,nowcast,1.4,1.3,1.6,1.4,1.5,0
Nordrhein-Westfalen,2020-03-11,nowcast,1.4,1.2,1.6,1.3,1.5,0
Nordrhein-Westfalen,2020-03-12,nowcast,1.4,1.2,1.5,1.3,1.4,0
Nordrhein-Westfalen,2020-03-13,nowcast,1.3,1.2,1.5,1.2,1.4,0
Nordrhein-Westfalen,2020-03-14,nowcast,1.3,1.1,1.4,1.2,1.3,0
Nordrhein-Westfalen,2020-03-15,nowcast,1.2,1.1,1.3,1.1,1.2,0
Nordrhein-Westfalen,2020-03-16,nowcast,1.2,1.1,1.3,1.1,1.2,0
Nordrhein-Westfalen,2020-03-17,nowcast,1.1,1,1.2,1.1,1.2,0.01
Nordrhein-Westfalen,2020-03-18,nowcast,1.1,1,1.2,1.1,1.1,0.02
Nordrhein-Westfalen,2020-03-19,nowcast,1.1,1,1.2,1.1,1.1,0.03
Nordrhein-Westfalen,2020-03-20,nowcast,1.1,1,1.2,1,1.1,0.03
Nordrhein-Westfalen,2020-03-21,nowcast,1.1,1,1.1,1,1.1,0.04
Nordrhein-Westfalen,2020-03-22,nowcast,1.1,1,1.1,1,1.1,0.07
Nordrhein-Westfalen,2020-03-23,nowcast,1,1,1.1,1,1.1,0.15
Nordrhein-Westfalen,2020-03-24,nowcast,1,1,1.1,1,1,0.29
Nordrhein-Westfalen,2020-03-25,nowcast,1,0.9,1.1,1,1,0.44
Nordrhein-Westfalen,2020-03-26,nowcast,1,0.9,1,1,1,0.56
Nordrhein-Westfalen,2020-03-27,nowcast,1,0.9,1,1,1,0.66
Nordrhein-Westfalen,2020-03-28,nowcast,1,0.9,1,1,1,0.79
Nordrhein-Westfalen,2020-03-29,nowcast,1,0.9,1,0.9,1,0.93
Nordrhein-Westfalen,2020-03-30,nowcast,0.9,0.9,1,0.9,1,0.98
Nordrhein-Westfalen,2020-03-31,nowcast,0.9,0.8,1,0.9,0.9,1
Nordrhein-Westfalen,2020-04-01,nowcast,0.9,0.8,0.9,0.9,0.9,1
Nordrhein-Westfalen,2020-04-02,nowcast,0.9,0.8,0.9,0.9,0.9,1
Nordrhein-Westfalen,2020-04-03,nowcast,0.9,0.8,0.9,0.9,0.9,1
Nordrhein-Westfalen,2020-04-04,nowcast,0.9,0.8,0.9,0.8,0.9,1
Nordrhein-Westfalen,2020-04-05,nowcast,0.8,0.8,0.9,0.8,0.9,1
Nordrhein-Westfalen,2020-04-06,nowcast,0.8,0.8,0.9,0.8,0.9,1
Nordrhein-Westfalen,2020-04-07,nowcast,0.8,0.7,0.9,0.8,0.9,1
Nordrhein-Westfalen,2020-04-08,nowcast,0.8,0.8,0.9,0.8,0.8,1
Nordrhein-Westfalen,2020-04-09,nowcast,0.8,0.8,0.9,0.8,0.8,1
Nordrhein-Westfalen,2020-04-10,nowcast,0.8,0.8,0.9,0.8,0.9,1
Nordrhein-Westfalen,2020-04-11,nowcast,0.8,0.8,0.9,0.8,0.9,1
Nordrhein-Westfalen,2020-04-12,nowcast,0.8,0.8,0.9,0.8,0.9,1
Nordrhein-Westfalen,2020-04-13,nowcast,0.8,0.8,0.9,0.8,0.9,1
Nordrhein-Westfalen,2020-04-14,nowcast,0.8,0.8,0.9,0.8,0.9,1
Nordrhein-Westfalen,2020-04-15,nowcast,0.8,0.7,0.9,0.8,0.8,1
Nordrhein-Westfalen,2020-04-16,nowcast,0.8,0.7,0.9,0.8,0.8,1
Nordrhein-Westfalen,2020-04-17,nowcast,0.8,0.7,0.9,0.8,0.8,1
Nordrhein-Westfalen,2020-04-18,nowcast,0.8,0.7,0.9,0.8,0.8,1
Nordrhein-Westfalen,2020-04-19,nowcast,0.8,0.7,0.8,0.7,0.8,1
Nordrhein-Westfalen,2020-04-20,nowcast,0.8,0.7,0.8,0.7,0.8,1
Nordrhein-Westfalen,2020-04-21,nowcast,0.8,0.7,0.9,0.7,0.8,1
Nordrhein-Westfalen,2020-04-22,nowcast,0.8,0.7,0.9,0.7,0.8,1
Nordrhein-Westfalen,2020-04-23,nowcast,0.8,0.7,0.9,0.7,0.8,1
Nordrhein-Westfalen,2020-04-24,nowcast,0.8,0.7,0.9,0.8,0.9,0.99
Nordrhein-Westfalen,2020-04-25,nowcast,0.8,0.7,1,0.8,0.9,0.98
Nordrhein-Westfalen,2020-04-26,nowcast,0.9,0.8,1,0.8,0.9,0.96
Nordrhein-Westfalen,2020-04-27,nowcast,0.9,0.8,1,0.8,0.9,0.96
Nordrhein-Westfalen,2020-04-28,nowcast,0.9,0.8,1,0.8,0.9,0.96
Nordrhein-Westfalen,2020-04-29,nowcast,0.9,0.8,1,0.9,0.9,0.94
Nordrhein-Westfalen,2020-04-30,nowcast,0.9,0.8,1,0.9,0.9,0.91
Nordrhein-Westfalen,2020-05-01,nowcast,0.9,0.8,1,0.9,1,0.87
Nordrhein-Westfalen,2020-05-02,nowcast,0.9,0.9,1,0.9,1,0.85
Nordrhein-Westfalen,2020-05-03,nowcast,0.9,0.9,1,0.9,1,0.87
Nordrhein-Westfalen,2020-05-04,nowcast,0.9,0.8,1,0.9,1,0.89
Nordrhein-Westfalen,2020-05-05,nowcast,0.9,0.8,1,0.9,1,0.94
Nordrhein-Westfalen,2020-05-06,nowcast,0.9,0.8,1,0.9,1,0.96
Nordrhein-Westfalen,2020-05-07,nowcast,0.9,0.8,1,0.9,1,0.94
Nordrhein-Westfalen,2020-05-08,nowcast,0.9,0.8,1,0.9,1,0.93
Nordrhein-Westfalen,2020-05-09,nowcast,0.9,0.8,1,0.9,1,0.91
Nordrhein-Westfalen,2020-05-10,nowcast,0.9,0.8,1,0.9,1,0.9
Nordrhein-Westfalen,2020-05-11,nowcast,0.9,0.8,1,0.9,1,0.9
Nordrhein-Westfalen,2020-05-12,nowcast,0.9,0.8,1,0.9,1,0.89
Nordrhein-Westfalen,2020-05-13,nowcast,0.9,0.8,1.1,0.9,1,0.83
Nordrhein-Westfalen,2020-05-14,forecast,0.9,0.8,1.1,0.9,1,0.8
Nordrhein-Westfalen,2020-05-15,forecast,0.9,0.8,1.1,0.9,1,0.78
Nordrhein-Westfalen,2020-05-16,forecast,0.9,0.8,1.1,0.9,1,0.76
Nordrhein-Westfalen,2020-05-17,forecast,0.9,0.8,1.1,0.9,1,0.75
Nordrhein-Westfalen,2020-05-18,forecast,0.9,0.8,1.1,0.9,1,0.73
Nordrhein-Westfalen,2020-05-19,forecast,0.9,0.7,1.1,0.9,1,0.71
Nordrhein-Westfalen,2020-05-20,forecast,0.9,0.7,1.1,0.9,1,0.7
Nordrhein-Westfalen,2020-05-21,forecast,0.9,0.7,1.2,0.9,1,0.68
Nordrhein-Westfalen,2020-05-22,forecast,0.9,0.7,1.2,0.9,1,0.67
Nordrhein-Westfalen,2020-05-23,forecast,0.9,0.7,1.2,0.9,1,0.67
Nordrhein-Westfalen,2020-05-24,forecast,0.9,0.7,1.2,0.8,1,0.66
Nordrhein-Westfalen,2020-05-25,forecast,0.9,0.7,1.2,0.9,1,0.66
Nordrhein-Westfalen,2020-05-26,forecast,0.9,0.7,1.2,0.9,1,0.65
Nordrhein-Westfalen,2020-05-27,forecast,0.9,0.7,1.2,0.9,1.1,0.64
Rheinland-Pfalz,2020-03-09,nowcast,1.5,1.2,1.8,1.4,1.6,0
Rheinland-Pfalz,2020-03-10,nowcast,1.5,1.2,1.7,1.4,1.6,0
Rheinland-Pfalz,2020-03-11,nowcast,1.4,1.2,1.7,1.3,1.5,0
Rheinland-Pfalz,2020-03-12,nowcast,1.4,1.1,1.6,1.3,1.4,0
Rheinland-Pfalz,2020-03-13,nowcast,1.3,1.1,1.5,1.2,1.4,0
Rheinland-Pfalz,2020-03-14,nowcast,1.3,1.1,1.5,1.2,1.3,0.01
Rheinland-Pfalz,2020-03-15,nowcast,1.2,1,1.4,1.2,1.3,0.02
Rheinland-Pfalz,2020-03-16,nowcast,1.2,1,1.3,1.1,1.2,0.03
Rheinland-Pfalz,2020-03-17,nowcast,1.2,1,1.3,1.1,1.2,0.05
Rheinland-Pfalz,2020-03-18,nowcast,1.1,1,1.3,1.1,1.2,0.06
Rheinland-Pfalz,2020-03-19,nowcast,1.1,1,1.2,1,1.1,0.1
Rheinland-Pfalz,2020-03-20,nowcast,1.1,1,1.2,1,1.1,0.15
Rheinland-Pfalz,2020-03-21,nowcast,1.1,0.9,1.2,1,1.1,0.22
Rheinland-Pfalz,2020-03-22,nowcast,1,0.9,1.1,1,1.1,0.33
Rheinland-Pfalz,2020-03-23,nowcast,1,0.9,1.1,1,1.1,0.47
Rheinland-Pfalz,2020-03-24,nowcast,1,0.9,1.1,0.9,1,0.59
Rheinland-Pfalz,2020-03-25,nowcast,1,0.9,1.1,0.9,1,0.73
Rheinland-Pfalz,2020-03-26,nowcast,0.9,0.8,1,0.9,1,0.81
Rheinland-Pfalz,2020-03-27,nowcast,0.9,0.8,1,0.9,1,0.88
Rheinland-Pfalz,2020-03-28,nowcast,0.9,0.8,1,0.9,1,0.92
Rheinland-Pfalz,2020-03-29,nowcast,0.9,0.8,1,0.9,0.9,0.96
Rheinland-Pfalz,2020-03-30,nowcast,0.9,0.8,1,0.9,0.9,0.98
Rheinland-Pfalz,2020-03-31,nowcast,0.9,0.8,1,0.8,0.9,0.99
Rheinland-Pfalz,2020-04-01,nowcast,0.9,0.7,0.9,0.8,0.9,0.99
Rheinland-Pfalz,2020-04-02,nowcast,0.8,0.7,0.9,0.8,0.9,1
Rheinland-Pfalz,2020-04-03,nowcast,0.8,0.7,0.9,0.8,0.9,1
Rheinland-Pfalz,2020-04-04,nowcast,0.8,0.7,0.9,0.8,0.9,1
Rheinland-Pfalz,2020-04-05,nowcast,0.8,0.7,0.9,0.8,0.9,1
Rheinland-Pfalz,2020-04-06,nowcast,0.8,0.7,0.9,0.8,0.8,1
Rheinland-Pfalz,2020-04-07,nowcast,0.8,0.7,0.9,0.8,0.8,1
Rheinland-Pfalz,2020-04-08,nowcast,0.8,0.7,0.9,0.8,0.8,1
Rheinland-Pfalz,2020-04-09,nowcast,0.8,0.7,0.9,0.8,0.8,0.99
Rheinland-Pfalz,2020-04-10,nowcast,0.8,0.7,0.9,0.7,0.8,0.99
Rheinland-Pfalz,2020-04-11,nowcast,0.8,0.7,0.9,0.7,0.8,0.99
Rheinland-Pfalz,2020-04-12,nowcast,0.8,0.7,0.9,0.7,0.8,0.99
Rheinland-Pfalz,2020-04-13,nowcast,0.8,0.6,0.9,0.7,0.8,0.99
Rheinland-Pfalz,2020-04-14,nowcast,0.8,0.6,0.9,0.7,0.8,0.99
Rheinland-Pfalz,2020-04-15,nowcast,0.8,0.6,0.9,0.7,0.8,0.99
Rheinland-Pfalz,2020-04-16,nowcast,0.7,0.6,0.9,0.7,0.8,1
Rheinland-Pfalz,2020-04-17,nowcast,0.8,0.6,0.9,0.7,0.8,0.99
Rheinland-Pfalz,2020-04-18,nowcast,0.8,0.6,0.9,0.7,0.8,0.99
Rheinland-Pfalz,2020-04-19,nowcast,0.8,0.6,0.9,0.7,0.8,0.98
Rheinland-Pfalz,2020-04-20,nowcast,0.8,0.6,0.9,0.7,0.8,0.98
Rheinland-Pfalz,2020-04-21,nowcast,0.8,0.6,0.9,0.7,0.8,0.98
Rheinland-Pfalz,2020-04-22,nowcast,0.8,0.6,0.9,0.7,0.8,0.97
Rheinland-Pfalz,2020-04-23,nowcast,0.8,0.6,0.9,0.7,0.8,0.97
Rheinland-Pfalz,2020-04-24,nowcast,0.8,0.6,1,0.7,0.8,0.96
Rheinland-Pfalz,2020-04-25,nowcast,0.8,0.6,1,0.7,0.9,0.95
Rheinland-Pfalz,2020-04-26,nowcast,0.8,0.6,1,0.7,0.9,0.94
Rheinland-Pfalz,2020-04-27,nowcast,0.8,0.6,1,0.7,0.9,0.93
Rheinland-Pfalz,2020-04-28,nowcast,0.8,0.6,1,0.7,0.9,0.92
Rheinland-Pfalz,2020-04-29,nowcast,0.8,0.6,1,0.8,0.9,0.89
Rheinland-Pfalz,2020-04-30,nowcast,0.9,0.7,1.1,0.8,0.9,0.83
Rheinland-Pfalz,2020-05-01,nowcast,0.9,0.7,1.1,0.8,0.9,0.8
Rheinland-Pfalz,2020-05-02,nowcast,0.9,0.7,1.1,0.8,1,0.74
Rheinland-Pfalz,2020-05-03,nowcast,0.9,0.7,1.2,0.8,1,0.72
Rheinland-Pfalz,2020-05-04,nowcast,0.9,0.7,1.2,0.9,1,0.67
Rheinland-Pfalz,2020-05-05,nowcast,0.9,0.7,1.2,0.8,1,0.66
Rheinland-Pfalz,2020-05-06,nowcast,1,0.7,1.2,0.8,1,0.63
Rheinland-Pfalz,2020-05-07,nowcast,1,0.7,1.2,0.9,1.1,0.61
Rheinland-Pfalz,2020-05-08,nowcast,1,0.7,1.2,0.9,1.1,0.57
Rheinland-Pfalz,2020-05-09,nowcast,1,0.7,1.3,0.9,1.1,0.52
Rheinland-Pfalz,2020-05-10,nowcast,1,0.7,1.3,0.9,1.1,0.5
Rheinland-Pfalz,2020-05-11,nowcast,1,0.7,1.4,0.9,1.1,0.44
Rheinland-Pfalz,2020-05-12,nowcast,1.1,0.8,1.5,0.9,1.2,0.37
Saarland,2020-03-09,nowcast,1.6,1.2,2,1.4,1.7,0.01
Saarland,2020-03-10,nowcast,1.6,1.2,2,1.4,1.7,0.01
Saarland,2020-03-11,nowcast,1.5,1.2,1.9,1.4,1.7,0.01
Saarland,2020-03-12,nowcast,1.5,1.1,1.8,1.3,1.6,0.01
Saarland,2020-03-13,nowcast,1.4,1.1,1.7,1.3,1.5,0
Saarland,2020-03-14,nowcast,1.4,1.1,1.7,1.3,1.5,0.01
Saarland,2020-03-15,nowcast,1.4,1.1,1.7,1.3,1.5,0.01
Saarland,2020-03-16,nowcast,1.4,1.1,1.6,1.3,1.5,0.01
Saarland,2020-03-17,nowcast,1.3,1.1,1.6,1.2,1.4,0.01
Saarland,2020-03-18,nowcast,1.3,1.1,1.6,1.2,1.4,0.01
Saarland,2020-03-19,nowcast,1.3,1.1,1.5,1.2,1.4,0.01
Saarland,2020-03-20,nowcast,1.3,1.1,1.5,1.2,1.4,0.01
Saarland,2020-03-21,nowcast,1.3,1.1,1.5,1.2,1.3,0.01
Saarland,2020-03-22,nowcast,1.3,1.1,1.5,1.2,1.3,0.01
Saarland,2020-03-23,nowcast,1.2,1,1.4,1.2,1.3,0.02
Saarland,2020-03-24,nowcast,1.2,1,1.4,1.1,1.3,0.03
Saarland,2020-03-25,nowcast,1.2,1,1.4,1.1,1.2,0.06
Saarland,2020-03-26,nowcast,1.2,1,1.3,1.1,1.2,0.09
Saarland,2020-03-27,nowcast,1.1,0.9,1.3,1.1,1.2,0.16
Saarland,2020-03-28,nowcast,1.1,0.9,1.2,1,1.1,0.29
Saarland,2020-03-29,nowcast,1,0.8,1.2,0.9,1.1,0.48
Saarland,2020-03-30,nowcast,1,0.8,1.1,0.9,1,0.69
Saarland,2020-03-31,nowcast,0.9,0.7,1.1,0.8,1,0.84
Saarland,2020-04-01,nowcast,0.9,0.7,1,0.8,0.9,0.94
Saarland,2020-04-02,nowcast,0.8,0.7,1,0.8,0.9,0.98
Saarland,2020-04-03,nowcast,0.8,0.6,0.9,0.7,0.9,0.99
Saarland,2020-04-04,nowcast,0.8,0.6,0.9,0.7,0.8,1
Saarland,2020-04-05,nowcast,0.7,0.6,0.9,0.7,0.8,1
Saarland,2020-04-06,nowcast,0.7,0.5,0.8,0.6,0.7,1
Saarland,2020-04-07,nowcast,0.6,0.5,0.8,0.6,0.7,1
Saarland,2020-04-08,nowcast,0.6,0.5,0.8,0.6,0.7,1
Saarland,2020-04-09,nowcast,0.6,0.5,0.8,0.6,0.7,1
Saarland,2020-04-10,nowcast,0.6,0.5,0.8,0.6,0.7,0.99
Saarland,2020-04-11,nowcast,0.7,0.5,0.8,0.6,0.7,0.99
Saarland,2020-04-12,nowcast,0.7,0.5,0.9,0.6,0.7,0.98
Saarland,2020-04-13,nowcast,0.7,0.5,0.9,0.6,0.8,0.97
Saarland,2020-04-14,nowcast,0.7,0.5,0.9,0.6,0.7,0.97
Saarland,2020-04-15,nowcast,0.7,0.5,0.9,0.6,0.8,0.97
Saarland,2020-04-16,nowcast,0.7,0.5,1,0.6,0.8,0.94
Saarland,2020-04-17,nowcast,0.8,0.5,1,0.7,0.8,0.93
Saarland,2020-04-18,nowcast,0.8,0.6,1,0.7,0.8,0.92
Saarland,2020-04-19,nowcast,0.8,0.5,1,0.7,0.8,0.93
Saarland,2020-04-20,nowcast,0.8,0.5,1,0.7,0.9,0.94
Saarland,2020-04-21,nowcast,0.8,0.5,1,0.7,0.8,0.94
Saarland,2020-04-22,nowcast,0.8,0.5,1,0.7,0.9,0.94
Saarland,2020-04-23,nowcast,0.8,0.5,1,0.7,0.9,0.92
Saarland,2020-04-24,nowcast,0.8,0.5,1,0.6,0.8,0.92
Saarland,2020-04-25,nowcast,0.8,0.5,1,0.6,0.8,0.92
Saarland,2020-04-26,nowcast,0.7,0.5,1,0.6,0.8,0.93
Saarland,2020-04-27,nowcast,0.7,0.4,1,0.6,0.8,0.94
Saarland,2020-04-28,nowcast,0.7,0.4,1,0.6,0.8,0.95
Saarland,2020-04-29,nowcast,0.7,0.4,1,0.6,0.8,0.95
Saarland,2020-04-30,nowcast,0.7,0.4,1,0.5,0.8,0.94
Saarland,2020-05-01,nowcast,0.7,0.4,1,0.6,0.8,0.92
Saarland,2020-05-02,nowcast,0.7,0.4,1.1,0.5,0.8,0.9
Saarland,2020-05-03,nowcast,0.7,0.4,1.1,0.5,0.8,0.87
Saarland,2020-05-04,nowcast,0.7,0.3,1.1,0.6,0.8,0.86
Saarland,2020-05-05,nowcast,0.8,0.4,1.3,0.6,0.9,0.79
Saarland,2020-05-06,nowcast,0.8,0.4,1.3,0.6,0.9,0.75
Saarland,2020-05-07,nowcast,0.9,0.4,1.4,0.7,1,0.64
Saarland,2020-05-08,nowcast,1,0.4,1.6,0.7,1.1,0.55
Saarland,2020-05-09,nowcast,1,0.5,1.8,0.7,1.2,0.45
Saarland,2020-05-10,nowcast,1.1,0.5,1.9,0.8,1.3,0.37
Saarland,2020-05-11,nowcast,1.2,0.5,2.2,0.8,1.4,0.3
Saarland,2020-05-12,nowcast,1.3,0.5,2.6,0.8,1.5,0.24
Saarland,2020-05-13,nowcast,1.6,0.6,3.1,0.9,1.8,0.14
Sachsen,2020-03-08,nowcast,1.6,1.3,2,1.5,1.7,0
Sachsen,2020-03-09,nowcast,1.6,1.3,1.9,1.5,1.7,0
Sachsen,2020-03-10,nowcast,1.5,1.2,1.9,1.4,1.6,0
Sachsen,2020-03-11,nowcast,1.5,1.2,1.8,1.4,1.6,0
Sachsen,2020-03-12,nowcast,1.5,1.2,1.7,1.3,1.5,0
Sachsen,2020-03-13,nowcast,1.4,1.2,1.7,1.3,1.5,0
Sachsen,2020-03-14,nowcast,1.4,1.1,1.6,1.3,1.4,0
Sachsen,2020-03-15,nowcast,1.3,1.1,1.5,1.2,1.4,0.01
Sachsen,2020-03-16,nowcast,1.3,1,1.4,1.2,1.3,0.02
Sachsen,2020-03-17,nowcast,1.2,1,1.4,1.1,1.3,0.02
Sachsen,2020-03-18,nowcast,1.2,1,1.3,1.1,1.3,0.05
Sachsen,2020-03-19,nowcast,1.1,1,1.3,1.1,1.2,0.06
Sachsen,2020-03-20,nowcast,1.1,1,1.3,1.1,1.2,0.07
Sachsen,2020-03-21,nowcast,1.1,1,1.2,1.1,1.2,0.1
Sachsen,2020-03-22,nowcast,1.1,0.9,1.2,1,1.1,0.16
Sachsen,2020-03-23,nowcast,1,0.9,1.2,1,1.1,0.27
Sachsen,2020-03-24,nowcast,1,0.9,1.1,1,1.1,0.4
Sachsen,2020-03-25,nowcast,1,0.9,1.1,1,1.1,0.49
Sachsen,2020-03-26,nowcast,1,0.9,1.1,0.9,1,0.62
Sachsen,2020-03-27,nowcast,1,0.9,1.1,0.9,1,0.71
Sachsen,2020-03-28,nowcast,0.9,0.8,1.1,0.9,1,0.81
Sachsen,2020-03-29,nowcast,0.9,0.8,1,0.9,1,0.92
Sachsen,2020-03-30,nowcast,0.9,0.8,1,0.8,0.9,0.97
Sachsen,2020-03-31,nowcast,0.8,0.7,0.9,0.8,0.9,1
Sachsen,2020-04-01,nowcast,0.8,0.7,0.9,0.8,0.9,1
Sachsen,2020-04-02,nowcast,0.8,0.7,0.9,0.8,0.9,1
Sachsen,2020-04-03,nowcast,0.8,0.7,0.9,0.8,0.8,1
Sachsen,2020-04-04,nowcast,0.8,0.7,0.9,0.7,0.8,1
Sachsen,2020-04-05,nowcast,0.8,0.6,0.9,0.7,0.8,1
Sachsen,2020-04-06,nowcast,0.7,0.6,0.9,0.7,0.8,1
Sachsen,2020-04-07,nowcast,0.7,0.6,0.9,0.7,0.8,1
Sachsen,2020-04-08,nowcast,0.7,0.6,0.8,0.7,0.8,1
Sachsen,2020-04-09,nowcast,0.7,0.6,0.8,0.7,0.8,1
Sachsen,2020-04-10,nowcast,0.7,0.6,0.8,0.7,0.8,1
Sachsen,2020-04-11,nowcast,0.7,0.6,0.9,0.7,0.8,0.99
Sachsen,2020-04-12,nowcast,0.7,0.6,0.9,0.7,0.8,0.99
Sachsen,2020-04-13,nowcast,0.7,0.6,0.9,0.7,0.8,0.99
Sachsen,2020-04-14,nowcast,0.7,0.6,0.9,0.7,0.8,0.99
Sachsen,2020-04-15,nowcast,0.7,0.6,0.9,0.7,0.8,0.98
Sachsen,2020-04-16,nowcast,0.7,0.6,0.9,0.7,0.8,0.97
Sachsen,2020-04-17,nowcast,0.8,0.6,0.9,0.7,0.8,0.97
Sachsen,2020-04-18,nowcast,0.8,0.6,1,0.7,0.8,0.95
Sachsen,2020-04-19,nowcast,0.8,0.6,1,0.7,0.8,0.94
Sachsen,2020-04-20,nowcast,0.8,0.6,1,0.7,0.9,0.92
Sachsen,2020-04-21,nowcast,0.8,0.6,1,0.7,0.9,0.9
Sachsen,2020-04-22,nowcast,0.8,0.6,1,0.8,0.9,0.88
Sachsen,2020-04-23,nowcast,0.9,0.6,1.1,0.8,0.9,0.85
Sachsen,2020-04-24,nowcast,0.9,0.7,1.1,0.8,0.9,0.8
Sachsen,2020-04-25,nowcast,0.9,0.7,1.1,0.8,1,0.75
Sachsen,2020-04-26,nowcast,0.9,0.7,1.2,0.8,1,0.7
Sachsen,2020-04-27,nowcast,0.9,0.7,1.2,0.8,1,0.68
Sachsen,2020-04-28,nowcast,1,0.7,1.2,0.9,1,0.64
Sachsen,2020-04-29,nowcast,1,0.8,1.2,0.9,1,0.59
Sachsen,2020-04-30,nowcast,1,0.8,1.2,0.9,1,0.56
Sachsen,2020-05-01,nowcast,1,0.8,1.2,0.9,1.1,0.52
Sachsen,2020-05-02,nowcast,1,0.8,1.2,0.9,1.1,0.53
Sachsen,2020-05-03,nowcast,1,0.8,1.2,0.9,1.1,0.58
Sachsen,2020-05-04,nowcast,1,0.7,1.2,0.9,1,0.64
Sachsen,2020-05-05,nowcast,0.9,0.7,1.2,0.9,1,0.68
Sachsen,2020-05-06,nowcast,0.9,0.7,1.2,0.9,1,0.7
Sachsen,2020-05-07,nowcast,0.9,0.7,1.2,0.8,1,0.71
Sachsen,2020-05-08,nowcast,0.9,0.7,1.2,0.8,1,0.67
Sachsen,2020-05-09,nowcast,1,0.7,1.3,0.8,1,0.62
Sachsen,2020-05-10,nowcast,1,0.7,1.3,0.8,1,0.61
Sachsen,2020-05-11,nowcast,1,0.7,1.4,0.8,1.1,0.54
Sachsen,2020-05-12,nowcast,1,0.7,1.5,0.8,1.1,0.46
Sachsen,2020-05-13,nowcast,1.1,0.7,1.7,0.9,1.2,0.36
Sachsen-Anhalt,2020-03-10,nowcast,1.5,1.2,2,1.3,1.6,0.01
Sachsen-Anhalt,2020-03-11,nowcast,1.5,1.1,1.9,1.3,1.6,0.02
Sachsen-Anhalt,2020-03-12,nowcast,1.5,1.1,1.8,1.3,1.6,0.01
Sachsen-Anhalt,2020-03-13,nowcast,1.4,1,1.7,1.2,1.5,0.02
Sachsen-Anhalt,2020-03-14,nowcast,1.4,1.1,1.7,1.2,1.5,0.03
Sachsen-Anhalt,2020-03-15,nowcast,1.3,1,1.6,1.2,1.4,0.04
Sachsen-Anhalt,2020-03-16,nowcast,1.3,1,1.5,1.1,1.4,0.07
Sachsen-Anhalt,2020-03-17,nowcast,1.2,0.9,1.5,1.1,1.3,0.09
Sachsen-Anhalt,2020-03-18,nowcast,1.2,0.9,1.4,1.1,1.3,0.11
Sachsen-Anhalt,2020-03-19,nowcast,1.1,0.9,1.4,1.1,1.2,0.14
Sachsen-Anhalt,2020-03-20,nowcast,1.1,0.9,1.3,1,1.2,0.18
Sachsen-Anhalt,2020-03-21,nowcast,1.1,0.9,1.3,1,1.2,0.23
Sachsen-Anhalt,2020-03-22,nowcast,1,0.8,1.2,1,1.1,0.35
Sachsen-Anhalt,2020-03-23,nowcast,1,0.8,1.2,0.9,1.1,0.46
Sachsen-Anhalt,2020-03-24,nowcast,1,0.8,1.2,0.9,1,0.59
Sachsen-Anhalt,2020-03-25,nowcast,1,0.8,1.1,0.9,1,0.68
Sachsen-Anhalt,2020-03-26,nowcast,0.9,0.7,1.1,0.9,1,0.76
Sachsen-Anhalt,2020-03-27,nowcast,0.9,0.7,1.1,0.9,1,0.81
Sachsen-Anhalt,2020-03-28,nowcast,0.9,0.7,1.1,0.8,1,0.85
Sachsen-Anhalt,2020-03-29,nowcast,0.9,0.7,1.1,0.8,1,0.88
Sachsen-Anhalt,2020-03-30,nowcast,0.9,0.7,1.1,0.8,0.9,0.89
Sachsen-Anhalt,2020-03-31,nowcast,0.9,0.7,1,0.8,0.9,0.9
Sachsen-Anhalt,2020-04-01,nowcast,0.9,0.7,1,0.8,0.9,0.9
Sachsen-Anhalt,2020-04-02,nowcast,0.9,0.7,1,0.8,0.9,0.9
Sachsen-Anhalt,2020-04-03,nowcast,0.9,0.7,1.1,0.8,0.9,0.91
Sachsen-Anhalt,2020-04-04,nowcast,0.8,0.6,1,0.8,0.9,0.92
Sachsen-Anhalt,2020-04-05,nowcast,0.8,0.6,1,0.7,0.9,0.91
Sachsen-Anhalt,2020-04-06,nowcast,0.8,0.6,1,0.8,0.9,0.92
Sachsen-Anhalt,2020-04-07,nowcast,0.8,0.6,1.1,0.8,0.9,0.89
Sachsen-Anhalt,2020-04-08,nowcast,0.8,0.6,1.1,0.7,0.9,0.87
Sachsen-Anhalt,2020-04-09,nowcast,0.9,0.7,1.1,0.8,0.9,0.85
Sachsen-Anhalt,2020-04-10,nowcast,0.9,0.7,1.1,0.8,0.9,0.8
Sachsen-Anhalt,2020-04-11,nowcast,0.9,0.7,1.1,0.8,1,0.78
Sachsen-Anhalt,2020-04-12,nowcast,0.9,0.7,1.1,0.8,1,0.76
Sachsen-Anhalt,2020-04-13,nowcast,0.9,0.7,1.1,0.8,1,0.81
Sachsen-Anhalt,2020-04-14,nowcast,0.9,0.6,1.1,0.8,1,0.84
Sachsen-Anhalt,2020-04-15,nowcast,0.8,0.6,1.1,0.8,0.9,0.88
Sachsen-Anhalt,2020-04-16,nowcast,0.8,0.6,1,0.8,0.9,0.91
Sachsen-Anhalt,2020-04-17,nowcast,0.8,0.5,1,0.7,0.9,0.92
Sachsen-Anhalt,2020-04-18,nowcast,0.8,0.5,1,0.7,0.9,0.92
Sachsen-Anhalt,2020-04-19,nowcast,0.8,0.5,1,0.7,0.9,0.93
Sachsen-Anhalt,2020-04-20,nowcast,0.8,0.5,1,0.7,0.8,0.92
Sachsen-Anhalt,2020-04-21,nowcast,0.7,0.5,1,0.6,0.8,0.93
Sachsen-Anhalt,2020-04-22,nowcast,0.7,0.5,1,0.6,0.8,0.93
Sachsen-Anhalt,2020-04-23,nowcast,0.7,0.5,1,0.6,0.8,0.93
Sachsen-Anhalt,2020-04-24,nowcast,0.8,0.5,1.1,0.6,0.8,0.9
Sachsen-Anhalt,2020-04-25,nowcast,0.8,0.5,1.1,0.6,0.9,0.89
Sachsen-Anhalt,2020-04-26,nowcast,0.8,0.5,1.1,0.6,0.9,0.86
Sachsen-Anhalt,2020-04-27,nowcast,0.8,0.5,1.2,0.6,0.9,0.84
Sachsen-Anhalt,2020-04-28,nowcast,0.8,0.5,1.2,0.7,0.9,0.83
Sachsen-Anhalt,2020-04-29,nowcast,0.8,0.5,1.2,0.7,0.9,0.8
Sachsen-Anhalt,2020-04-30,nowcast,0.8,0.5,1.2,0.7,1,0.78
Sachsen-Anhalt,2020-05-01,nowcast,0.8,0.5,1.3,0.7,1,0.76
Sachsen-Anhalt,2020-05-02,nowcast,0.8,0.4,1.2,0.7,0.9,0.76
Sachsen-Anhalt,2020-05-03,nowcast,0.8,0.4,1.2,0.7,1,0.77
Sachsen-Anhalt,2020-05-04,nowcast,0.8,0.4,1.3,0.7,1,0.77
Sachsen-Anhalt,2020-05-05,nowcast,0.8,0.4,1.3,0.7,1,0.75
Sachsen-Anhalt,2020-05-06,nowcast,0.9,0.4,1.3,0.7,1,0.72
Sachsen-Anhalt,2020-05-07,nowcast,0.9,0.4,1.4,0.7,1,0.68
Sachsen-Anhalt,2020-05-08,nowcast,0.9,0.5,1.5,0.7,1.1,0.59
Sachsen-Anhalt,2020-05-09,nowcast,1,0.5,1.7,0.7,1.1,0.51
Sachsen-Anhalt,2020-05-10,nowcast,1.1,0.5,1.8,0.7,1.2,0.43
Sachsen-Anhalt,2020-05-11,nowcast,1.1,0.5,2.1,0.8,1.3,0.37
Sachsen-Anhalt,2020-05-12,nowcast,1.3,0.6,2.4,0.8,1.4,0.26
Sachsen-Anhalt,2020-05-13,nowcast,1.5,0.6,2.8,0.9,1.7,0.16
Schleswig-Holstein,2020-03-10,nowcast,1.5,1.2,1.9,1.4,1.6,0
Schleswig-Holstein,2020-03-11,nowcast,1.5,1.2,1.8,1.3,1.6,0.01
Schleswig-Holstein,2020-03-12,nowcast,1.4,1.1,1.7,1.3,1.5,0
Schleswig-Holstein,2020-03-13,nowcast,1.4,1.1,1.7,1.3,1.5,0.01
Schleswig-Holstein,2020-03-14,nowcast,1.4,1.1,1.6,1.3,1.5,0.01
Schleswig-Holstein,2020-03-15,nowcast,1.3,1.1,1.6,1.2,1.4,0.01
Schleswig-Holstein,2020-03-16,nowcast,1.3,1.1,1.5,1.2,1.4,0.02
Schleswig-Holstein,2020-03-17,nowcast,1.2,1,1.5,1.2,1.3,0.03
Schleswig-Holstein,2020-03-18,nowcast,1.2,1,1.4,1.1,1.3,0.05
Schleswig-Holstein,2020-03-19,nowcast,1.2,1,1.4,1.1,1.3,0.06
Schleswig-Holstein,2020-03-20,nowcast,1.1,1,1.3,1.1,1.2,0.09
Schleswig-Holstein,2020-03-21,nowcast,1.1,0.9,1.3,1,1.2,0.14
Schleswig-Holstein,2020-03-22,nowcast,1.1,0.9,1.2,1,1.2,0.21
Schleswig-Holstein,2020-03-23,nowcast,1,0.9,1.2,1,1.1,0.3
Schleswig-Holstein,2020-03-24,nowcast,1,0.9,1.2,1,1.1,0.38
Schleswig-Holstein,2020-03-25,nowcast,1,0.9,1.1,0.9,1.1,0.48
Schleswig-Holstein,2020-03-26,nowcast,1,0.8,1.1,0.9,1,0.57
Schleswig-Holstein,2020-03-27,nowcast,1,0.8,1.1,0.9,1,0.65
Schleswig-Holstein,2020-03-28,nowcast,1,0.8,1.1,0.9,1,0.74
Schleswig-Holstein,2020-03-29,nowcast,0.9,0.8,1.1,0.9,1,0.83
Schleswig-Holstein,2020-03-30,nowcast,0.9,0.8,1,0.8,1,0.9
Schleswig-Holstein,2020-03-31,nowcast,0.9,0.7,1,0.8,0.9,0.94
Schleswig-Holstein,2020-04-01,nowcast,0.9,0.7,1,0.8,0.9,0.96
Schleswig-Holstein,2020-04-02,nowcast,0.8,0.7,1,0.8,0.9,0.97
Schleswig-Holstein,2020-04-03,nowcast,0.8,0.7,1,0.8,0.9,0.98
Schleswig-Holstein,2020-04-04,nowcast,0.8,0.7,0.9,0.8,0.9,0.99
Schleswig-Holstein,2020-04-05,nowcast,0.8,0.6,0.9,0.7,0.9,0.99
Schleswig-Holstein,2020-04-06,nowcast,0.8,0.6,0.9,0.7,0.8,0.99
Schleswig-Holstein,2020-04-07,nowcast,0.8,0.6,0.9,0.7,0.8,0.99
Schleswig-Holstein,2020-04-08,nowcast,0.8,0.6,0.9,0.7,0.8,0.99
Schleswig-Holstein,2020-04-09,nowcast,0.8,0.6,0.9,0.7,0.8,0.98
Schleswig-Holstein,2020-04-10,nowcast,0.8,0.6,0.9,0.7,0.8,0.98
Schleswig-Holstein,2020-04-11,nowcast,0.8,0.6,0.9,0.7,0.8,0.97
Schleswig-Holstein,2020-04-12,nowcast,0.8,0.6,0.9,0.7,0.8,0.96
Schleswig-Holstein,2020-04-13,nowcast,0.8,0.6,1,0.7,0.8,0.96
Schleswig-Holstein,2020-04-14,nowcast,0.8,0.6,1,0.7,0.8,0.95
Schleswig-Holstein,2020-04-15,nowcast,0.8,0.6,1,0.7,0.8,0.94
Schleswig-Holstein,2020-04-16,nowcast,0.8,0.6,1,0.7,0.9,0.91
Schleswig-Holstein,2020-04-17,nowcast,0.8,0.6,1.1,0.7,0.9,0.89
Schleswig-Holstein,2020-04-18,nowcast,0.8,0.6,1.1,0.7,0.9,0.88
Schleswig-Holstein,2020-04-19,nowcast,0.8,0.6,1.1,0.8,0.9,0.88
Schleswig-Holstein,2020-04-20,nowcast,0.8,0.6,1.1,0.8,0.9,0.88
Schleswig-Holstein,2020-04-21,nowcast,0.8,0.6,1.1,0.7,0.9,0.86
Schleswig-Holstein,2020-04-22,nowcast,0.9,0.6,1.1,0.8,0.9,0.84
Schleswig-Holstein,2020-04-23,nowcast,0.9,0.6,1.1,0.8,1,0.8
Schleswig-Holstein,2020-04-24,nowcast,0.9,0.7,1.2,0.8,1,0.72
Schleswig-Holstein,2020-04-25,nowcast,0.9,0.7,1.2,0.8,1,0.67
Schleswig-Holstein,2020-04-26,nowcast,1,0.7,1.2,0.8,1,0.6
Schleswig-Holstein,2020-04-27,nowcast,1,0.7,1.3,0.9,1.1,0.56
Schleswig-Holstein,2020-04-28,nowcast,1,0.7,1.2,0.8,1,0.55
Schleswig-Holstein,2020-04-29,nowcast,1,0.7,1.2,0.9,1.1,0.56
Schleswig-Holstein,2020-04-30,nowcast,1,0.7,1.2,0.8,1,0.62
Schleswig-Holstein,2020-05-01,nowcast,0.9,0.6,1.2,0.8,1,0.72
Schleswig-Holstein,2020-05-02,nowcast,0.9,0.6,1.1,0.8,1,0.81
Schleswig-Holstein,2020-05-03,nowcast,0.8,0.5,1.1,0.7,0.9,0.89
Schleswig-Holstein,2020-05-04,nowcast,0.8,0.5,1,0.7,0.9,0.93
Schleswig-Holstein,2020-05-05,nowcast,0.7,0.5,1,0.6,0.8,0.95
Schleswig-Holstein,2020-05-06,nowcast,0.7,0.4,1,0.6,0.8,0.97
Schleswig-Holstein,2020-05-07,nowcast,0.7,0.4,1,0.6,0.8,0.96
Schleswig-Holstein,2020-05-08,nowcast,0.7,0.4,1,0.6,0.8,0.94
Schleswig-Holstein,2020-05-09,nowcast,0.7,0.4,1.1,0.6,0.8,0.88
Schleswig-Holstein,2020-05-10,nowcast,0.8,0.4,1.2,0.6,0.9,0.82
Schleswig-Holstein,2020-05-11,nowcast,0.8,0.4,1.4,0.6,0.9,0.7
Schleswig-Holstein,2020-05-12,nowcast,1,0.5,1.7,0.6,1.1,0.54
Schleswig-Holstein,2020-05-13,nowcast,1.2,0.5,2,0.7,1.3,0.34
Thüringen,2020-03-10,nowcast,1.6,1.2,2,1.4,1.7,0
Thüringen,2020-03-11,nowcast,1.5,1.2,2,1.4,1.7,0.01
Thüringen,2020-03-12,nowcast,1.5,1.2,1.9,1.3,1.6,0.01
Thüringen,2020-03-13,nowcast,1.4,1.1,1.8,1.3,1.6,0.01
Thüringen,2020-03-14,nowcast,1.4,1.1,1.7,1.2,1.5,0.01
Thüringen,2020-03-15,nowcast,1.3,1.1,1.6,1.2,1.4,0.02
Thüringen,2020-03-16,nowcast,1.3,1,1.6,1.2,1.4,0.04
Thüringen,2020-03-17,nowcast,1.2,1,1.5,1.1,1.3,0.06
Thüringen,2020-03-18,nowcast,1.2,1,1.4,1.1,1.3,0.08
Thüringen,2020-03-19,nowcast,1.2,0.9,1.4,1.1,1.2,0.13
Thüringen,2020-03-20,nowcast,1.1,0.9,1.3,1,1.2,0.17
Thüringen,2020-03-21,nowcast,1.1,0.9,1.3,1,1.2,0.22
Thüringen,2020-03-22,nowcast,1.1,0.9,1.2,1,1.1,0.31
Thüringen,2020-03-23,nowcast,1,0.8,1.2,1,1.1,0.4
Thüringen,2020-03-24,nowcast,1,0.8,1.2,0.9,1.1,0.5
Thüringen,2020-03-25,nowcast,1,0.8,1.1,0.9,1.1,0.55
Thüringen,2020-03-26,nowcast,1,0.8,1.1,0.9,1,0.59
Thüringen,2020-03-27,nowcast,1,0.8,1.1,0.9,1,0.6
Thüringen,2020-03-28,nowcast,1,0.8,1.1,0.9,1,0.64
Thüringen,2020-03-29,nowcast,1,0.8,1.1,0.9,1,0.69
Thüringen,2020-03-30,nowcast,0.9,0.8,1.1,0.9,1,0.73
Thüringen,2020-03-31,nowcast,0.9,0.8,1.1,0.9,1,0.78
Thüringen,2020-04-01,nowcast,0.9,0.7,1.1,0.9,1,0.8
Thüringen,2020-04-02,nowcast,0.9,0.8,1.1,0.9,1,0.81
Thüringen,2020-04-03,nowcast,0.9,0.7,1.1,0.8,1,0.83
Thüringen,2020-04-04,nowcast,0.9,0.7,1.1,0.8,1,0.83
Thüringen,2020-04-05,nowcast,0.9,0.8,1.1,0.8,1,0.81
Thüringen,2020-04-06,nowcast,0.9,0.8,1.1,0.8,1,0.81
Thüringen,2020-04-07,nowcast,0.9,0.7,1.1,0.9,1,0.76
Thüringen,2020-04-08,nowcast,0.9,0.8,1.1,0.9,1,0.71
Thüringen,2020-04-09,nowcast,1,0.8,1.2,0.9,1,0.62
Thüringen,2020-04-10,nowcast,1,0.8,1.2,0.9,1,0.55
Thüringen,2020-04-11,nowcast,1,0.8,1.2,0.9,1,0.54
Thüringen,2020-04-12,nowcast,1,0.8,1.2,0.9,1.1,0.49
Thüringen,2020-04-13,nowcast,1,0.8,1.2,0.9,1.1,0.48
Thüringen,2020-04-14,nowcast,1,0.8,1.2,0.9,1.1,0.51
Thüringen,2020-04-15,nowcast,1,0.8,1.2,0.9,1.1,0.53
Thüringen,2020-04-16,nowcast,1,0.8,1.2,0.9,1.1,0.56
Thüringen,2020-04-17,nowcast,1,0.8,1.1,0.9,1,0.62
Thüringen,2020-04-18,nowcast,1,0.8,1.2,0.9,1,0.67
Thüringen,2020-04-19,nowcast,0.9,0.7,1.1,0.9,1,0.73
Thüringen,2020-04-20,nowcast,0.9,0.7,1.1,0.9,1,0.79
Thüringen,2020-04-21,nowcast,0.9,0.7,1.1,0.8,1,0.83
Thüringen,2020-04-22,nowcast,0.9,0.7,1.1,0.8,1,0.85
Thüringen,2020-04-23,nowcast,0.9,0.7,1.1,0.8,1,0.85
Thüringen,2020-04-24,nowcast,0.9,0.7,1.1,0.8,0.9,0.86
Thüringen,2020-04-25,nowcast,0.9,0.7,1.1,0.8,0.9,0.87
Thüringen,2020-04-26,nowcast,0.9,0.7,1.1,0.8,0.9,0.88
Thüringen,2020-04-27,nowcast,0.9,0.7,1.1,0.8,0.9,0.88
Thüringen,2020-04-28,nowcast,0.9,0.7,1.1,0.8,0.9,0.87
Thüringen,2020-04-29,nowcast,0.9,0.7,1.1,0.8,1,0.84
Thüringen,2020-04-30,nowcast,0.9,0.7,1.1,0.8,1,0.8
Thüringen,2020-05-01,nowcast,0.9,0.7,1.1,0.8,1,0.78
Thüringen,2020-05-02,nowcast,0.9,0.7,1.1,0.8,1,0.77
Thüringen,2020-05-03,nowcast,0.9,0.7,1.1,0.8,1,0.78
Thüringen,2020-05-04,nowcast,0.9,0.7,1.1,0.8,1,0.81
Thüringen,2020-05-05,nowcast,0.9,0.7,1.1,0.8,1,0.83
Thüringen,2020-05-06,nowcast,0.9,0.6,1.1,0.8,1,0.83
Thüringen,2020-05-07,nowcast,0.9,0.6,1.1,0.8,1,0.81
Thüringen,2020-05-08,nowcast,0.9,0.6,1.1,0.8,1,0.8
Thüringen,2020-05-09,nowcast,0.9,0.7,1.2,0.8,0.9,0.77
Thüringen,2020-05-10,nowcast,0.9,0.7,1.2,0.8,1,0.7
Thüringen,2020-05-11,nowcast,0.9,0.7,1.3,0.8,1,0.61
Thüringen,2020-05-12,nowcast,1,0.7,1.4,0.8,1.1,0.53
Thüringen,2020-05-13,nowcast,1,0.7,1.6,0.8,1.1,0.43
