region,type,median,lower_90,upper_90,lower_50,upper_50,prob_control
Abruzzo,nowcast,1.6,1.2,2,1.4,1.7,0
Abruzzo,nowcast,1.5,1.2,1.9,1.4,1.7,0
Abruzzo,nowcast,1.5,1.2,1.8,1.4,1.6,0
Abruzzo,nowcast,1.5,1.2,1.8,1.3,1.6,0
Abruzzo,nowcast,1.4,1.1,1.7,1.3,1.5,0.01
Abruzzo,nowcast,1.4,1.1,1.6,1.3,1.5,0.01
Abruzzo,nowcast,1.3,1.1,1.6,1.2,1.4,0.01
Abruzzo,nowcast,1.3,1,1.5,1.2,1.4,0.02
Abruzzo,nowcast,1.2,1,1.5,1.1,1.3,0.04
Abruzzo,nowcast,1.2,1,1.4,1.1,1.3,0.08
Abruzzo,nowcast,1.1,0.9,1.3,1.1,1.2,0.11
Abruzzo,nowcast,1.1,0.9,1.3,1.1,1.2,0.14
Abruzzo,nowcast,1.1,0.9,1.3,1,1.2,0.19
Abruzzo,nowcast,1.1,0.9,1.2,1,1.1,0.23
Abruzzo,nowcast,1,0.9,1.2,1,1.1,0.35
Abruzzo,nowcast,1,0.8,1.2,0.9,1.1,0.52
Abruzzo,nowcast,1,0.8,1.1,0.9,1,0.69
Abruzzo,nowcast,0.9,0.8,1.1,0.9,1,0.8
Abruzzo,nowcast,0.9,0.7,1,0.9,1,0.9
Abruzzo,nowcast,0.9,0.7,1,0.8,0.9,0.93
Abruzzo,nowcast,0.9,0.7,1,0.8,0.9,0.92
Abruzzo,nowcast,0.9,0.7,1,0.8,0.9,0.91
Abruzzo,nowcast,0.9,0.8,1.1,0.8,0.9,0.85
Abruzzo,nowcast,0.9,0.8,1.1,0.9,1,0.79
Abruzzo,nowcast,0.9,0.8,1.1,0.9,1,0.74
Abruzzo,nowcast,0.9,0.8,1.1,0.9,1,0.71
Abruzzo,nowcast,1,0.8,1.1,0.9,1,0.67
Abruzzo,nowcast,1,0.8,1.1,0.9,1,0.68
Abruzzo,nowcast,1,0.8,1.1,0.9,1,0.68
Abruzzo,nowcast,1,0.8,1.1,0.9,1,0.71
Abruzzo,nowcast,0.9,0.8,1.1,0.9,1,0.77
Abruzzo,nowcast,0.9,0.8,1.1,0.9,1,0.82
Abruzzo,nowcast,0.9,0.8,1.1,0.9,1,0.85
Abruzzo,nowcast,0.9,0.7,1,0.8,1,0.86
Abruzzo,nowcast,0.9,0.7,1.1,0.8,1,0.86
Abruzzo,nowcast,0.9,0.7,1.1,0.8,1,0.86
Abruzzo,nowcast,0.9,0.7,1.1,0.8,0.9,0.88
Abruzzo,nowcast,0.9,0.7,1,0.8,0.9,0.91
Abruzzo,nowcast,0.9,0.7,1,0.8,0.9,0.94
Abruzzo,nowcast,0.8,0.6,1,0.8,0.9,0.97
Abruzzo,nowcast,0.8,0.6,1,0.7,0.9,0.98
Abruzzo,nowcast,0.8,0.6,0.9,0.7,0.8,1
Abruzzo,nowcast,0.7,0.5,0.9,0.7,0.8,1
Abruzzo,nowcast,0.7,0.5,0.9,0.6,0.8,0.99
Abruzzo,nowcast,0.7,0.5,0.9,0.6,0.8,0.99
Abruzzo,nowcast,0.7,0.5,0.9,0.6,0.8,0.99
Abruzzo,nowcast,0.7,0.5,0.9,0.6,0.8,0.97
Abruzzo,nowcast,0.7,0.5,0.9,0.6,0.8,0.96
Abruzzo,nowcast,0.7,0.5,1,0.6,0.8,0.94
Abruzzo,nowcast,0.8,0.5,1.1,0.6,0.8,0.89
Abruzzo,nowcast,0.8,0.5,1.1,0.7,0.8,0.89
Abruzzo,nowcast,0.8,0.5,1.1,0.7,0.9,0.86
Abruzzo,nowcast,0.8,0.6,1.1,0.7,0.9,0.83
Abruzzo,nowcast,0.8,0.6,1.2,0.7,0.9,0.81
Abruzzo,nowcast,0.9,0.6,1.1,0.8,1,0.81
Abruzzo,nowcast,0.9,0.6,1.2,0.8,1,0.79
Abruzzo,nowcast,0.9,0.6,1.2,0.8,1,0.76
Abruzzo,nowcast,0.9,0.6,1.2,0.7,1,0.72
Abruzzo,nowcast,0.9,0.6,1.3,0.8,1,0.64
Abruzzo,nowcast,1,0.6,1.4,0.8,1,0.56
Abruzzo,nowcast,1.1,0.7,1.6,0.8,1.2,0.41
Abruzzo,nowcast,1.2,0.7,1.8,0.9,1.3,0.26
Calabria,nowcast,1.6,1.1,2.1,1.4,1.8,0.02
Calabria,nowcast,1.5,1.1,2,1.3,1.7,0.02
Calabria,nowcast,1.5,1.1,1.9,1.3,1.6,0.02
Calabria,nowcast,1.4,1,1.9,1.3,1.6,0.03
Calabria,nowcast,1.4,1,1.8,1.3,1.5,0.03
Calabria,nowcast,1.4,1,1.7,1.2,1.5,0.03
Calabria,nowcast,1.3,1,1.7,1.2,1.5,0.04
Calabria,nowcast,1.3,1,1.6,1.2,1.4,0.06
Calabria,nowcast,1.2,1,1.6,1.1,1.4,0.08
Calabria,nowcast,1.2,0.9,1.5,1.1,1.3,0.11
Calabria,nowcast,1.2,0.9,1.4,1.1,1.3,0.14
Calabria,nowcast,1.1,0.9,1.4,1.1,1.3,0.17
Calabria,nowcast,1.1,0.8,1.3,1,1.2,0.22
Calabria,nowcast,1.1,0.8,1.3,1,1.2,0.29
Calabria,nowcast,1,0.8,1.3,0.9,1.1,0.39
Calabria,nowcast,1,0.7,1.2,0.9,1.1,0.52
Calabria,nowcast,0.9,0.7,1.1,0.8,1,0.7
Calabria,nowcast,0.9,0.6,1.1,0.8,1,0.86
Calabria,nowcast,0.8,0.6,1,0.7,0.9,0.92
Calabria,nowcast,0.8,0.6,1,0.7,0.9,0.95
Calabria,nowcast,0.8,0.6,1,0.7,0.9,0.96
Calabria,nowcast,0.8,0.6,1,0.7,0.9,0.94
Calabria,nowcast,0.8,0.6,1,0.7,0.9,0.91
Calabria,nowcast,0.8,0.6,1,0.7,0.9,0.91
Calabria,nowcast,0.8,0.6,1.1,0.7,0.9,0.89
Calabria,nowcast,0.8,0.6,1.1,0.7,0.9,0.91
Calabria,nowcast,0.8,0.6,1,0.7,0.9,0.91
Calabria,nowcast,0.8,0.6,1.1,0.7,0.9,0.91
Calabria,nowcast,0.8,0.6,1.1,0.7,0.9,0.9
Calabria,nowcast,0.8,0.6,1.1,0.7,0.9,0.88
Calabria,nowcast,0.8,0.6,1.1,0.7,0.9,0.89
Calabria,nowcast,0.8,0.6,1.1,0.7,0.9,0.87
Calabria,nowcast,0.8,0.6,1.1,0.7,0.9,0.83
Calabria,nowcast,0.8,0.6,1.1,0.7,0.9,0.83
Calabria,nowcast,0.8,0.6,1.1,0.7,0.9,0.83
Calabria,nowcast,0.8,0.5,1.1,0.7,0.9,0.86
Calabria,nowcast,0.8,0.5,1.1,0.7,0.9,0.88
Calabria,nowcast,0.8,0.5,1.1,0.7,0.9,0.9
Calabria,nowcast,0.8,0.5,1,0.6,0.9,0.92
Calabria,nowcast,0.7,0.4,1,0.6,0.8,0.95
Calabria,nowcast,0.7,0.4,1,0.6,0.8,0.95
Calabria,nowcast,0.7,0.3,1,0.5,0.8,0.95
Calabria,nowcast,0.7,0.3,1,0.5,0.8,0.94
Calabria,nowcast,0.7,0.3,1,0.5,0.8,0.94
Calabria,nowcast,0.6,0.2,1,0.5,0.8,0.93
Calabria,nowcast,0.6,0.3,1,0.5,0.8,0.93
Calabria,nowcast,0.6,0.3,1,0.5,0.8,0.92
Calabria,nowcast,0.6,0.2,1.1,0.5,0.8,0.9
Calabria,nowcast,0.7,0.3,1.1,0.5,0.8,0.88
Calabria,nowcast,0.7,0.2,1.2,0.5,0.8,0.83
Calabria,nowcast,0.7,0.3,1.3,0.5,0.9,0.78
Calabria,nowcast,0.8,0.3,1.4,0.5,0.9,0.76
Calabria,nowcast,0.8,0.3,1.6,0.5,0.9,0.68
Calabria,nowcast,0.9,0.3,1.6,0.5,1,0.65
Calabria,nowcast,0.9,0.3,1.7,0.7,1.1,0.57
Calabria,nowcast,1,0.4,1.9,0.7,1.2,0.5
Calabria,nowcast,1.1,0.5,2.1,0.7,1.3,0.4
Calabria,nowcast,1.2,0.5,2.1,0.8,1.4,0.33
Calabria,nowcast,1.3,0.5,2.3,0.9,1.6,0.25
Calabria,nowcast,1.4,0.6,2.5,0.9,1.6,0.19
Calabria,nowcast,1.6,0.7,2.9,1.1,1.8,0.13
Calabria,nowcast,1.7,0.7,3.1,1.2,2.1,0.09
Campania,nowcast,1.6,1.2,2.1,1.4,1.8,0
Campania,nowcast,1.6,1.2,2.1,1.4,1.8,0
Campania,nowcast,1.6,1.2,2,1.4,1.7,0
Campania,nowcast,1.6,1.2,2,1.4,1.7,0
Campania,nowcast,1.6,1.2,1.9,1.4,1.7,0
Campania,nowcast,1.5,1.2,1.9,1.4,1.6,0
Campania,nowcast,1.5,1.2,1.9,1.4,1.6,0
Campania,nowcast,1.5,1.2,1.8,1.4,1.6,0
Campania,nowcast,1.5,1.2,1.8,1.3,1.6,0
Campania,nowcast,1.4,1.2,1.7,1.4,1.6,0
Campania,nowcast,1.4,1.2,1.7,1.3,1.5,0
Campania,nowcast,1.4,1.2,1.6,1.3,1.5,0
Campania,nowcast,1.4,1.1,1.6,1.3,1.5,0.01
Campania,nowcast,1.3,1.1,1.5,1.2,1.4,0
Campania,nowcast,1.3,1.1,1.5,1.2,1.4,0.01
Campania,nowcast,1.3,1.1,1.5,1.2,1.3,0.01
Campania,nowcast,1.2,1.1,1.4,1.2,1.3,0.02
Campania,nowcast,1.2,1,1.4,1.1,1.3,0.02
Campania,nowcast,1.2,1,1.4,1.2,1.3,0.03
Campania,nowcast,1.2,1,1.3,1.1,1.3,0.02
Campania,nowcast,1.2,1,1.3,1.1,1.2,0.03
Campania,nowcast,1.2,1,1.3,1.1,1.2,0.03
Campania,nowcast,1.1,1,1.3,1.1,1.2,0.04
Campania,nowcast,1.1,1,1.3,1.1,1.2,0.06
Campania,nowcast,1.1,1,1.2,1.1,1.2,0.11
Campania,nowcast,1.1,0.9,1.2,1,1.1,0.18
Campania,nowcast,1,0.9,1.2,1,1.1,0.31
Campania,nowcast,1,0.9,1.1,0.9,1,0.51
Campania,nowcast,1,0.8,1.1,0.9,1,0.73
Campania,nowcast,0.9,0.8,1,0.9,1,0.86
Campania,nowcast,0.9,0.7,1,0.8,0.9,0.96
Campania,nowcast,0.8,0.7,1,0.8,0.9,0.98
Campania,nowcast,0.8,0.7,0.9,0.8,0.9,1
Campania,nowcast,0.8,0.7,0.9,0.7,0.8,1
Campania,nowcast,0.8,0.6,0.9,0.7,0.8,1
Campania,nowcast,0.8,0.6,0.9,0.7,0.8,1
Campania,nowcast,0.8,0.7,0.9,0.7,0.8,1
Campania,nowcast,0.8,0.6,0.9,0.7,0.8,0.99
Campania,nowcast,0.8,0.6,0.9,0.7,0.8,0.99
Campania,nowcast,0.8,0.6,0.9,0.7,0.8,0.99
Campania,nowcast,0.8,0.6,0.9,0.7,0.8,0.99
Campania,nowcast,0.8,0.6,0.9,0.7,0.8,0.99
Campania,nowcast,0.8,0.6,0.9,0.7,0.8,0.99
Campania,nowcast,0.8,0.6,0.9,0.7,0.8,0.99
Campania,nowcast,0.8,0.6,0.9,0.7,0.8,0.99
Campania,nowcast,0.8,0.6,0.9,0.7,0.8,0.99
Campania,nowcast,0.8,0.6,0.9,0.7,0.8,0.99
Campania,nowcast,0.8,0.6,0.9,0.7,0.8,0.98
Campania,nowcast,0.8,0.6,0.9,0.7,0.8,0.98
Campania,nowcast,0.8,0.6,0.9,0.7,0.8,0.98
Campania,nowcast,0.7,0.6,0.9,0.7,0.8,0.98
Campania,nowcast,0.7,0.6,0.9,0.7,0.8,0.99
Campania,nowcast,0.7,0.5,0.9,0.6,0.8,0.99
Campania,nowcast,0.7,0.5,0.9,0.6,0.8,0.99
Campania,nowcast,0.7,0.5,0.9,0.6,0.8,0.98
Campania,nowcast,0.7,0.5,0.9,0.6,0.8,0.97
Campania,nowcast,0.7,0.5,1,0.6,0.8,0.95
Campania,nowcast,0.7,0.5,1,0.6,0.8,0.93
Campania,nowcast,0.8,0.5,1,0.7,0.8,0.91
Campania,nowcast,0.8,0.6,1.1,0.7,0.9,0.89
Campania,nowcast,0.8,0.6,1.1,0.7,0.9,0.87
Campania,nowcast,0.8,0.6,1.1,0.7,0.9,0.84
Campania,nowcast,0.9,0.6,1.2,0.7,0.9,0.79
Campania,nowcast,0.9,0.6,1.2,0.8,1,0.75
Campania,nowcast,0.9,0.6,1.2,0.8,1,0.72
Campania,nowcast,0.9,0.6,1.3,0.8,1,0.65
Campania,nowcast,1,0.7,1.4,0.8,1.1,0.57
Campania,nowcast,1,0.7,1.4,0.8,1.1,0.47
Campania,nowcast,1.1,0.7,1.6,0.9,1.2,0.37
Campania,nowcast,1.1,0.7,1.7,0.9,1.2,0.3
Emilia-Romagna,nowcast,1.7,1.4,2,1.5,1.8,0
Emilia-Romagna,nowcast,1.6,1.4,2,1.5,1.7,0
Emilia-Romagna,nowcast,1.6,1.3,1.9,1.5,1.7,0
Emilia-Romagna,nowcast,1.6,1.3,1.8,1.4,1.6,0
Emilia-Romagna,nowcast,1.5,1.3,1.8,1.4,1.6,0
Emilia-Romagna,nowcast,1.5,1.3,1.8,1.4,1.6,0
Emilia-Romagna,nowcast,1.5,1.3,1.7,1.4,1.6,0
Emilia-Romagna,nowcast,1.5,1.3,1.7,1.4,1.6,0
Emilia-Romagna,nowcast,1.5,1.3,1.7,1.4,1.5,0
Emilia-Romagna,nowcast,1.4,1.3,1.6,1.4,1.5,0
Emilia-Romagna,nowcast,1.4,1.2,1.6,1.4,1.5,0
Emilia-Romagna,nowcast,1.4,1.3,1.6,1.3,1.5,0
Emilia-Romagna,nowcast,1.4,1.3,1.6,1.3,1.5,0
Emilia-Romagna,nowcast,1.4,1.2,1.6,1.3,1.5,0
Emilia-Romagna,nowcast,1.4,1.2,1.5,1.3,1.4,0
Emilia-Romagna,nowcast,1.4,1.2,1.5,1.3,1.4,0
Emilia-Romagna,nowcast,1.3,1.2,1.5,1.3,1.4,0
Emilia-Romagna,nowcast,1.3,1.2,1.5,1.3,1.4,0
Emilia-Romagna,nowcast,1.3,1.1,1.4,1.2,1.3,0
Emilia-Romagna,nowcast,1.2,1.1,1.4,1.2,1.3,0
Emilia-Romagna,nowcast,1.2,1.1,1.3,1.1,1.2,0
Emilia-Romagna,nowcast,1.2,1.1,1.3,1.1,1.2,0
Emilia-Romagna,nowcast,1.1,1,1.2,1.1,1.2,0.02
Emilia-Romagna,nowcast,1.1,1,1.2,1,1.1,0.07
Emilia-Romagna,nowcast,1,1,1.1,1,1.1,0.23
Emilia-Romagna,nowcast,1,0.9,1.1,1,1,0.48
Emilia-Romagna,nowcast,1,0.9,1,0.9,1,0.76
Emilia-Romagna,nowcast,0.9,0.9,1,0.9,1,0.92
Emilia-Romagna,nowcast,0.9,0.8,1,0.9,0.9,0.98
Emilia-Romagna,nowcast,0.9,0.8,1,0.9,0.9,1
Emilia-Romagna,nowcast,0.9,0.8,0.9,0.9,0.9,1
Emilia-Romagna,nowcast,0.9,0.8,0.9,0.9,0.9,1
Emilia-Romagna,nowcast,0.9,0.8,0.9,0.8,0.9,1
Emilia-Romagna,nowcast,0.9,0.8,0.9,0.9,0.9,1
Emilia-Romagna,nowcast,0.9,0.8,0.9,0.8,0.9,1
Emilia-Romagna,nowcast,0.9,0.8,0.9,0.8,0.9,1
Emilia-Romagna,nowcast,0.9,0.8,0.9,0.8,0.9,1
Emilia-Romagna,nowcast,0.9,0.8,0.9,0.8,0.9,1
Emilia-Romagna,nowcast,0.9,0.8,0.9,0.8,0.9,1
Emilia-Romagna,nowcast,0.9,0.8,0.9,0.8,0.9,1
Emilia-Romagna,nowcast,0.9,0.8,0.9,0.8,0.9,1
Emilia-Romagna,nowcast,0.9,0.8,0.9,0.8,0.9,0.99
Emilia-Romagna,nowcast,0.9,0.8,1,0.8,0.9,0.99
Emilia-Romagna,nowcast,0.9,0.8,1,0.9,0.9,0.99
Emilia-Romagna,nowcast,0.9,0.8,0.9,0.9,0.9,0.99
Emilia-Romagna,nowcast,0.9,0.8,0.9,0.9,0.9,0.99
Emilia-Romagna,nowcast,0.9,0.8,0.9,0.8,0.9,1
Emilia-Romagna,nowcast,0.9,0.8,0.9,0.9,0.9,1
Emilia-Romagna,nowcast,0.9,0.8,0.9,0.9,0.9,0.99
Emilia-Romagna,nowcast,0.9,0.8,0.9,0.9,0.9,0.99
Emilia-Romagna,nowcast,0.9,0.8,0.9,0.8,0.9,1
Emilia-Romagna,nowcast,0.9,0.8,0.9,0.8,0.9,1
Emilia-Romagna,nowcast,0.9,0.8,0.9,0.8,0.9,1
Emilia-Romagna,nowcast,0.9,0.8,0.9,0.8,0.9,1
Emilia-Romagna,nowcast,0.9,0.8,0.9,0.8,0.9,1
Emilia-Romagna,nowcast,0.8,0.8,0.9,0.8,0.9,1
Emilia-Romagna,nowcast,0.8,0.8,0.9,0.8,0.9,1
Emilia-Romagna,nowcast,0.8,0.8,0.9,0.8,0.9,1
Emilia-Romagna,nowcast,0.8,0.8,0.9,0.8,0.9,1
Emilia-Romagna,nowcast,0.8,0.8,0.9,0.8,0.9,1
Emilia-Romagna,nowcast,0.8,0.7,0.9,0.8,0.9,1
Emilia-Romagna,nowcast,0.8,0.7,0.9,0.8,0.9,1
Emilia-Romagna,nowcast,0.8,0.7,0.9,0.8,0.9,1
Emilia-Romagna,nowcast,0.8,0.7,0.9,0.8,0.8,1
Emilia-Romagna,nowcast,0.8,0.7,0.9,0.7,0.8,1
Emilia-Romagna,nowcast,0.7,0.6,0.8,0.7,0.8,1
Emilia-Romagna,nowcast,0.7,0.6,0.8,0.7,0.8,1
Emilia-Romagna,nowcast,0.7,0.6,0.8,0.7,0.8,1
Emilia-Romagna,nowcast,0.7,0.6,0.8,0.7,0.8,1
Emilia-Romagna,nowcast,0.7,0.6,0.9,0.7,0.8,1
Emilia-Romagna,nowcast,0.7,0.6,0.9,0.7,0.8,0.99
Emilia-Romagna,nowcast,0.8,0.6,0.9,0.7,0.8,0.99
Emilia-Romagna,nowcast,0.8,0.6,0.9,0.7,0.8,0.97
Emilia-Romagna,nowcast,0.8,0.7,1,0.7,0.9,0.93
Emilia-Romagna,nowcast,0.9,0.7,1.1,0.8,0.9,0.84
Emilia-Romagna,forecast,0.9,0.7,1.1,0.8,0.9,0.85
Emilia-Romagna,forecast,0.9,0.6,1.1,0.7,0.9,0.82
Emilia-Romagna,forecast,0.9,0.6,1.1,0.7,0.9,0.81
Emilia-Romagna,forecast,0.9,0.6,1.2,0.7,0.9,0.79
Emilia-Romagna,forecast,0.9,0.6,1.2,0.7,0.9,0.77
Emilia-Romagna,forecast,0.9,0.5,1.2,0.7,0.9,0.76
Emilia-Romagna,forecast,0.9,0.5,1.2,0.7,0.9,0.75
Emilia-Romagna,forecast,0.9,0.5,1.3,0.7,1,0.74
Emilia-Romagna,forecast,0.9,0.5,1.3,0.7,1,0.73
Emilia-Romagna,forecast,0.9,0.5,1.3,0.7,1,0.72
Emilia-Romagna,forecast,0.9,0.4,1.3,0.7,1,0.72
Emilia-Romagna,forecast,0.8,0.5,1.4,0.7,1,0.72
Emilia-Romagna,forecast,0.9,0.4,1.3,0.6,1,0.7
Emilia-Romagna,forecast,0.9,0.4,1.4,0.7,1,0.7
Friuli Venezia Giulia,nowcast,1.7,1.2,2.2,1.4,1.8,0.01
Friuli Venezia Giulia,nowcast,1.7,1.2,2.1,1.5,1.8,0
Friuli Venezia Giulia,nowcast,1.6,1.2,2,1.4,1.7,0
Friuli Venezia Giulia,nowcast,1.6,1.2,2,1.4,1.7,0
Friuli Venezia Giulia,nowcast,1.5,1.2,1.9,1.4,1.7,0
Friuli Venezia Giulia,nowcast,1.5,1.2,1.8,1.3,1.6,0
Friuli Venezia Giulia,nowcast,1.4,1.1,1.7,1.3,1.5,0.01
Friuli Venezia Giulia,nowcast,1.4,1.1,1.7,1.3,1.5,0.01
Friuli Venezia Giulia,nowcast,1.4,1.1,1.6,1.3,1.5,0.01
Friuli Venezia Giulia,nowcast,1.3,1.1,1.6,1.2,1.4,0.01
Friuli Venezia Giulia,nowcast,1.3,1.1,1.5,1.2,1.4,0.02
Friuli Venezia Giulia,nowcast,1.3,1.1,1.5,1.2,1.4,0.02
Friuli Venezia Giulia,nowcast,1.3,1.1,1.5,1.2,1.3,0.02
Friuli Venezia Giulia,nowcast,1.2,1,1.4,1.1,1.3,0.03
Friuli Venezia Giulia,nowcast,1.2,1,1.4,1.1,1.3,0.05
Friuli Venezia Giulia,nowcast,1.2,1,1.3,1.1,1.2,0.08
Friuli Venezia Giulia,nowcast,1.1,0.9,1.3,1.1,1.2,0.13
Friuli Venezia Giulia,nowcast,1.1,0.9,1.3,1,1.2,0.21
Friuli Venezia Giulia,nowcast,1.1,0.9,1.2,1,1.1,0.3
Friuli Venezia Giulia,nowcast,1,0.9,1.2,1,1.1,0.38
Friuli Venezia Giulia,nowcast,1,0.8,1.1,1,1.1,0.48
Friuli Venezia Giulia,nowcast,1,0.8,1.1,0.9,1,0.55
Friuli Venezia Giulia,nowcast,1,0.8,1.1,0.9,1,0.65
Friuli Venezia Giulia,nowcast,1,0.8,1.1,0.9,1,0.74
Friuli Venezia Giulia,nowcast,0.9,0.8,1.1,0.9,1,0.79
Friuli Venezia Giulia,nowcast,0.9,0.8,1.1,0.9,1,0.8
Friuli Venezia Giulia,nowcast,0.9,0.8,1.1,0.9,1,0.83
Friuli Venezia Giulia,nowcast,0.9,0.8,1.1,0.9,1,0.83
Friuli Venezia Giulia,nowcast,0.9,0.8,1.1,0.9,1,0.86
Friuli Venezia Giulia,nowcast,0.9,0.8,1,0.9,1,0.91
Friuli Venezia Giulia,nowcast,0.9,0.7,1,0.8,0.9,0.94
Friuli Venezia Giulia,nowcast,0.9,0.7,1,0.8,0.9,0.96
Friuli Venezia Giulia,nowcast,0.8,0.7,1,0.8,0.9,0.97
Friuli Venezia Giulia,nowcast,0.8,0.7,1,0.8,0.9,0.97
Friuli Venezia Giulia,nowcast,0.8,0.7,1,0.8,0.9,0.97
Friuli Venezia Giulia,nowcast,0.8,0.7,1,0.8,0.9,0.97
Friuli Venezia Giulia,nowcast,0.8,0.7,1,0.8,0.9,0.97
Friuli Venezia Giulia,nowcast,0.8,0.7,1,0.8,0.9,0.96
Friuli Venezia Giulia,nowcast,0.8,0.7,1,0.8,0.9,0.95
Friuli Venezia Giulia,nowcast,0.8,0.7,1,0.8,0.9,0.95
Friuli Venezia Giulia,nowcast,0.8,0.7,1,0.8,0.9,0.95
Friuli Venezia Giulia,nowcast,0.8,0.6,1,0.8,0.9,0.93
Friuli Venezia Giulia,nowcast,0.8,0.7,1,0.8,0.9,0.94
Friuli Venezia Giulia,nowcast,0.8,0.6,1,0.7,0.9,0.95
Friuli Venezia Giulia,nowcast,0.8,0.6,1,0.7,0.9,0.96
Friuli Venezia Giulia,nowcast,0.8,0.6,1,0.7,0.9,0.97
Friuli Venezia Giulia,nowcast,0.8,0.6,1,0.7,0.9,0.96
Friuli Venezia Giulia,nowcast,0.8,0.6,1,0.7,0.8,0.95
Friuli Venezia Giulia,nowcast,0.8,0.6,1,0.7,0.9,0.94
Friuli Venezia Giulia,nowcast,0.8,0.6,1,0.7,0.9,0.94
Friuli Venezia Giulia,nowcast,0.8,0.6,1,0.7,0.9,0.91
Friuli Venezia Giulia,nowcast,0.8,0.6,1,0.7,0.9,0.93
Friuli Venezia Giulia,nowcast,0.8,0.6,1,0.7,0.9,0.93
Friuli Venezia Giulia,nowcast,0.8,0.6,1,0.7,0.9,0.95
Friuli Venezia Giulia,nowcast,0.8,0.5,1,0.7,0.9,0.95
Friuli Venezia Giulia,nowcast,0.7,0.5,1,0.7,0.8,0.97
Friuli Venezia Giulia,nowcast,0.7,0.5,1,0.6,0.8,0.96
Friuli Venezia Giulia,nowcast,0.7,0.5,1,0.6,0.8,0.95
Friuli Venezia Giulia,nowcast,0.7,0.5,1,0.6,0.8,0.95
Friuli Venezia Giulia,nowcast,0.7,0.4,1,0.6,0.8,0.92
Friuli Venezia Giulia,nowcast,0.7,0.5,1.1,0.6,0.8,0.9
Friuli Venezia Giulia,nowcast,0.8,0.5,1.1,0.6,0.9,0.84
Friuli Venezia Giulia,nowcast,0.8,0.5,1.3,0.7,0.9,0.77
Friuli Venezia Giulia,nowcast,0.9,0.5,1.3,0.7,0.9,0.71
Friuli Venezia Giulia,nowcast,0.9,0.6,1.4,0.7,1,0.61
Friuli Venezia Giulia,nowcast,1,0.6,1.5,0.8,1.1,0.53
Friuli Venezia Giulia,nowcast,1.1,0.6,1.7,0.8,1.2,0.42
Friuli Venezia Giulia,nowcast,1.2,0.7,1.8,0.9,1.3,0.29
Friuli Venezia Giulia,nowcast,1.3,0.7,2,0.9,1.5,0.21
Lazio,nowcast,1.7,1.3,2.1,1.5,1.8,0
Lazio,nowcast,1.6,1.3,2,1.5,1.8,0
Lazio,nowcast,1.6,1.3,2,1.5,1.7,0
Lazio,nowcast,1.6,1.3,1.9,1.4,1.7,0
Lazio,nowcast,1.6,1.3,1.9,1.4,1.6,0
Lazio,nowcast,1.5,1.2,1.8,1.4,1.6,0
Lazio,nowcast,1.5,1.2,1.8,1.4,1.6,0
Lazio,nowcast,1.4,1.2,1.7,1.3,1.5,0
Lazio,nowcast,1.4,1.2,1.7,1.3,1.5,0
Lazio,nowcast,1.4,1.1,1.6,1.3,1.5,0
Lazio,nowcast,1.3,1.1,1.5,1.2,1.4,0
Lazio,nowcast,1.3,1.1,1.5,1.2,1.4,0
Lazio,nowcast,1.3,1.1,1.4,1.2,1.3,0
Lazio,nowcast,1.2,1.1,1.4,1.1,1.3,0.02
Lazio,nowcast,1.2,1,1.4,1.1,1.3,0.02
Lazio,nowcast,1.2,1,1.3,1.1,1.2,0.03
Lazio,nowcast,1.1,1,1.3,1.1,1.2,0.08
Lazio,nowcast,1.1,1,1.2,1,1.1,0.14
Lazio,nowcast,1.1,0.9,1.2,1,1.1,0.22
Lazio,nowcast,1,0.9,1.2,1,1.1,0.31
Lazio,nowcast,1,0.9,1.1,1,1.1,0.44
Lazio,nowcast,1,0.9,1.1,1,1,0.57
Lazio,nowcast,1,0.9,1.1,0.9,1,0.68
Lazio,nowcast,0.9,0.8,1,0.9,1,0.83
Lazio,nowcast,0.9,0.8,1,0.9,1,0.9
Lazio,nowcast,0.9,0.8,1,0.9,1,0.93
Lazio,nowcast,0.9,0.8,1,0.9,1,0.96
Lazio,nowcast,0.9,0.8,1,0.9,0.9,0.96
Lazio,nowcast,0.9,0.8,1,0.9,0.9,0.95
Lazio,nowcast,0.9,0.8,1,0.9,0.9,0.94
Lazio,nowcast,0.9,0.8,1,0.9,0.9,0.93
Lazio,nowcast,0.9,0.8,1,0.9,0.9,0.93
Lazio,nowcast,0.9,0.8,1,0.9,0.9,0.91
Lazio,nowcast,0.9,0.8,1,0.9,1,0.9
Lazio,nowcast,0.9,0.8,1,0.9,1,0.89
Lazio,nowcast,0.9,0.8,1,0.9,1,0.9
Lazio,nowcast,0.9,0.8,1,0.9,0.9,0.93
Lazio,nowcast,0.9,0.8,1,0.9,1,0.94
Lazio,nowcast,0.9,0.8,1,0.9,0.9,0.96
Lazio,nowcast,0.9,0.8,1,0.8,0.9,0.97
Lazio,nowcast,0.9,0.8,1,0.8,0.9,0.97
Lazio,nowcast,0.9,0.7,1,0.8,0.9,0.98
Lazio,nowcast,0.8,0.7,0.9,0.8,0.9,0.99
Lazio,nowcast,0.8,0.7,0.9,0.8,0.9,0.99
Lazio,nowcast,0.8,0.7,0.9,0.8,0.9,0.98
Lazio,nowcast,0.8,0.7,1,0.8,0.9,0.98
Lazio,nowcast,0.8,0.7,1,0.8,0.9,0.96
Lazio,nowcast,0.9,0.7,1,0.8,0.9,0.95
Lazio,nowcast,0.9,0.7,1,0.8,0.9,0.92
Lazio,nowcast,0.9,0.7,1,0.8,0.9,0.92
Lazio,nowcast,0.9,0.7,1,0.8,0.9,0.92
Lazio,nowcast,0.9,0.7,1,0.8,0.9,0.92
Lazio,nowcast,0.9,0.7,1,0.8,0.9,0.94
Lazio,nowcast,0.9,0.7,1,0.8,0.9,0.95
Lazio,nowcast,0.9,0.7,1,0.8,0.9,0.95
Lazio,nowcast,0.9,0.7,1,0.8,0.9,0.95
Lazio,nowcast,0.9,0.7,1,0.8,0.9,0.95
Lazio,nowcast,0.9,0.7,1,0.8,0.9,0.94
Lazio,nowcast,0.8,0.7,1,0.8,0.9,0.95
Lazio,nowcast,0.9,0.7,1,0.8,0.9,0.93
Lazio,nowcast,0.9,0.7,1,0.8,0.9,0.93
Lazio,nowcast,0.9,0.7,1.1,0.8,0.9,0.9
Lazio,nowcast,0.9,0.7,1,0.8,0.9,0.89
Lazio,nowcast,0.9,0.7,1.1,0.8,0.9,0.82
Lazio,nowcast,0.9,0.7,1.2,0.8,1,0.74
Lazio,nowcast,1,0.7,1.3,0.8,1,0.61
Lazio,nowcast,1,0.8,1.3,0.9,1.1,0.45
Lazio,forecast,1,0.7,1.3,0.8,1.1,0.49
Lazio,forecast,1,0.7,1.4,0.8,1.1,0.49
Lazio,forecast,1,0.7,1.4,0.8,1.1,0.48
Lazio,forecast,1,0.7,1.4,0.8,1.1,0.49
Lazio,forecast,1,0.6,1.4,0.8,1.1,0.48
Lazio,forecast,1,0.6,1.5,0.8,1.1,0.48
Lazio,forecast,1,0.6,1.5,0.8,1.1,0.48
Lazio,forecast,1,0.6,1.5,0.8,1.1,0.48
Lazio,forecast,1,0.5,1.5,0.8,1.1,0.48
Lazio,forecast,1,0.5,1.5,0.8,1.1,0.48
Lazio,forecast,1,0.5,1.6,0.8,1.2,0.48
Lazio,forecast,1,0.5,1.6,0.8,1.1,0.49
Lazio,forecast,1,0.5,1.6,0.8,1.2,0.5
Lazio,forecast,1,0.5,1.6,0.7,1.1,0.48
Liguria,nowcast,1.7,1.3,2.3,1.5,1.9,0
Liguria,nowcast,1.7,1.3,2.2,1.5,1.9,0
Liguria,nowcast,1.7,1.3,2.2,1.5,1.9,0
Liguria,nowcast,1.7,1.3,2.2,1.5,1.9,0
Liguria,nowcast,1.7,1.4,2.2,1.5,1.9,0
Liguria,nowcast,1.7,1.4,2.1,1.6,1.9,0
Liguria,nowcast,1.7,1.4,2.1,1.5,1.8,0
Liguria,nowcast,1.7,1.3,2.1,1.5,1.8,0
Liguria,nowcast,1.6,1.3,2,1.5,1.7,0
Liguria,nowcast,1.6,1.3,1.9,1.4,1.7,0
Liguria,nowcast,1.5,1.2,1.8,1.4,1.6,0
Liguria,nowcast,1.5,1.2,1.8,1.3,1.5,0
Liguria,nowcast,1.4,1.2,1.7,1.3,1.5,0
Liguria,nowcast,1.4,1.2,1.6,1.3,1.5,0
Liguria,nowcast,1.4,1.2,1.6,1.3,1.4,0
Liguria,nowcast,1.3,1.1,1.5,1.2,1.4,0
Liguria,nowcast,1.3,1.1,1.5,1.2,1.4,0
Liguria,nowcast,1.3,1.1,1.4,1.2,1.3,0
Liguria,nowcast,1.2,1.1,1.4,1.2,1.3,0.01
Liguria,nowcast,1.2,1,1.4,1.1,1.3,0.02
Liguria,nowcast,1.2,1,1.3,1.1,1.2,0.04
Liguria,nowcast,1.1,1,1.3,1,1.2,0.1
Liguria,nowcast,1.1,1,1.2,1,1.1,0.16
Liguria,nowcast,1,0.9,1.2,1,1.1,0.27
Liguria,nowcast,1,0.9,1.1,1,1.1,0.39
Liguria,nowcast,1,0.9,1.1,1,1.1,0.47
Liguria,nowcast,1,0.9,1.1,1,1,0.55
Liguria,nowcast,1,0.9,1.1,1,1,0.59
Liguria,nowcast,1,0.9,1.1,0.9,1,0.63
Liguria,nowcast,1,0.9,1.1,0.9,1,0.7
Liguria,nowcast,1,0.9,1.1,0.9,1,0.72
Liguria,nowcast,1,0.9,1,0.9,1,0.76
Liguria,nowcast,1,0.9,1,0.9,1,0.81
Liguria,nowcast,1,0.9,1,0.9,1,0.83
Liguria,nowcast,0.9,0.8,1,0.9,1,0.88
Liguria,nowcast,0.9,0.8,1,0.9,1,0.91
Liguria,nowcast,0.9,0.8,1,0.9,1,0.92
Liguria,nowcast,0.9,0.8,1,0.9,1,0.93
Liguria,nowcast,0.9,0.8,1,0.9,1,0.93
Liguria,nowcast,0.9,0.8,1,0.9,0.9,0.91
Liguria,nowcast,0.9,0.8,1,0.9,1,0.89
Liguria,nowcast,0.9,0.8,1,0.9,1,0.87
Liguria,nowcast,0.9,0.8,1,0.9,1,0.85
Liguria,nowcast,0.9,0.8,1,0.9,1,0.82
Liguria,nowcast,1,0.9,1.1,0.9,1,0.79
Liguria,nowcast,1,0.9,1.1,0.9,1,0.77
Liguria,nowcast,1,0.9,1.1,0.9,1,0.74
Liguria,nowcast,1,0.9,1.1,0.9,1,0.73
Liguria,nowcast,1,0.9,1.1,0.9,1,0.74
Liguria,nowcast,1,0.9,1.1,0.9,1,0.74
Liguria,nowcast,1,0.9,1.1,0.9,1,0.75
Liguria,nowcast,1,0.8,1,0.9,1,0.79
Liguria,nowcast,0.9,0.8,1,0.9,1,0.82
Liguria,nowcast,0.9,0.8,1,0.9,1,0.85
Liguria,nowcast,0.9,0.8,1,0.9,1,0.88
Liguria,nowcast,0.9,0.8,1,0.9,1,0.91
Liguria,nowcast,0.9,0.8,1,0.9,0.9,0.94
Liguria,nowcast,0.9,0.8,1,0.8,0.9,0.97
Liguria,nowcast,0.9,0.7,1,0.8,0.9,0.99
Liguria,nowcast,0.8,0.7,0.9,0.8,0.9,1
Liguria,nowcast,0.8,0.7,0.9,0.8,0.9,1
Liguria,nowcast,0.8,0.7,0.9,0.8,0.9,1
Liguria,nowcast,0.8,0.7,0.9,0.8,0.8,1
Liguria,nowcast,0.8,0.6,0.9,0.7,0.8,0.99
Liguria,nowcast,0.8,0.6,0.9,0.7,0.8,0.99
Liguria,nowcast,0.8,0.6,0.9,0.7,0.8,0.99
Liguria,nowcast,0.8,0.6,0.9,0.7,0.8,0.98
Liguria,nowcast,0.8,0.7,1,0.7,0.8,0.96
Liguria,nowcast,0.8,0.7,1,0.7,0.9,0.93
Liguria,nowcast,0.8,0.7,1,0.7,0.9,0.89
Liguria,nowcast,0.9,0.7,1.1,0.8,0.9,0.8
Liguria,nowcast,0.9,0.7,1.2,0.8,1,0.67
Liguria,nowcast,1,0.8,1.3,0.9,1,0.53
Liguria,forecast,1,0.7,1.3,0.8,1,0.56
Liguria,forecast,1,0.7,1.3,0.8,1.1,0.57
Liguria,forecast,1,0.6,1.3,0.8,1.1,0.55
Liguria,forecast,1,0.6,1.4,0.8,1.1,0.54
Liguria,forecast,1,0.6,1.4,0.8,1.1,0.55
Liguria,forecast,1,0.6,1.4,0.8,1.1,0.54
Liguria,forecast,1,0.6,1.5,0.8,1.1,0.54
Liguria,forecast,1,0.6,1.5,0.8,1.1,0.54
Liguria,forecast,1,0.5,1.5,0.8,1.1,0.54
Liguria,forecast,1,0.5,1.5,0.7,1.1,0.55
Liguria,forecast,1,0.5,1.6,0.8,1.2,0.54
Liguria,forecast,1,0.4,1.5,0.7,1.1,0.54
Liguria,forecast,1,0.4,1.6,0.7,1.2,0.55
Liguria,forecast,1,0.4,1.5,0.7,1.1,0.55
Lombardia,nowcast,1.7,1.4,2,1.6,1.8,0
Lombardia,nowcast,1.7,1.4,1.9,1.5,1.7,0
Lombardia,nowcast,1.6,1.4,1.9,1.5,1.7,0
Lombardia,nowcast,1.6,1.4,1.9,1.5,1.7,0
Lombardia,nowcast,1.6,1.4,1.8,1.5,1.6,0
Lombardia,nowcast,1.5,1.4,1.8,1.4,1.6,0
Lombardia,nowcast,1.5,1.3,1.7,1.4,1.6,0
Lombardia,nowcast,1.5,1.3,1.7,1.4,1.5,0
Lombardia,nowcast,1.5,1.3,1.7,1.4,1.5,0
Lombardia,nowcast,1.4,1.3,1.6,1.4,1.5,0
Lombardia,nowcast,1.4,1.2,1.6,1.3,1.5,0
Lombardia,nowcast,1.4,1.2,1.5,1.3,1.4,0
Lombardia,nowcast,1.3,1.2,1.5,1.2,1.4,0
Lombardia,nowcast,1.3,1.2,1.4,1.2,1.3,0
Lombardia,nowcast,1.3,1.1,1.4,1.2,1.3,0
Lombardia,nowcast,1.2,1.1,1.3,1.2,1.3,0
Lombardia,nowcast,1.2,1.1,1.3,1.1,1.2,0
Lombardia,nowcast,1.2,1.1,1.3,1.1,1.2,0
Lombardia,nowcast,1.1,1.1,1.2,1.1,1.2,0
Lombardia,nowcast,1.1,1,1.2,1.1,1.1,0
Lombardia,nowcast,1.1,1,1.2,1.1,1.1,0.01
Lombardia,nowcast,1.1,1,1.1,1,1.1,0.05
Lombardia,nowcast,1,1,1.1,1,1.1,0.2
Lombardia,nowcast,1,0.9,1.1,1,1,0.51
Lombardia,nowcast,1,0.9,1,0.9,1,0.87
Lombardia,nowcast,0.9,0.9,1,0.9,1,0.98
Lombardia,nowcast,0.9,0.9,1,0.9,0.9,1
Lombardia,nowcast,0.9,0.9,1,0.9,0.9,1
Lombardia,nowcast,0.9,0.9,0.9,0.9,0.9,1
Lombardia,nowcast,0.9,0.8,0.9,0.9,0.9,1
Lombardia,nowcast,0.9,0.8,0.9,0.8,0.9,1
Lombardia,nowcast,0.9,0.8,0.9,0.8,0.9,1
Lombardia,nowcast,0.9,0.8,0.9,0.8,0.9,1
Lombardia,nowcast,0.9,0.8,0.9,0.8,0.9,1
Lombardia,nowcast,0.9,0.8,0.9,0.9,0.9,1
Lombardia,nowcast,0.9,0.8,0.9,0.9,0.9,1
Lombardia,nowcast,0.9,0.8,1,0.9,0.9,1
Lombardia,nowcast,0.9,0.9,1,0.9,0.9,1
Lombardia,nowcast,0.9,0.9,1,0.9,0.9,1
Lombardia,nowcast,0.9,0.9,1,0.9,0.9,0.99
Lombardia,nowcast,0.9,0.9,1,0.9,0.9,0.99
Lombardia,nowcast,0.9,0.9,1,0.9,0.9,0.98
Lombardia,nowcast,0.9,0.9,1,0.9,1,0.97
Lombardia,nowcast,0.9,0.9,1,0.9,1,0.98
Lombardia,nowcast,0.9,0.9,1,0.9,0.9,1
Lombardia,nowcast,0.9,0.9,1,0.9,0.9,1
Lombardia,nowcast,0.9,0.9,1,0.9,0.9,1
Lombardia,nowcast,0.9,0.9,0.9,0.9,0.9,1
Lombardia,nowcast,0.9,0.9,0.9,0.9,0.9,1
Lombardia,nowcast,0.9,0.9,0.9,0.9,0.9,1
Lombardia,nowcast,0.9,0.9,1,0.9,0.9,1
Lombardia,nowcast,0.9,0.9,1,0.9,0.9,1
Lombardia,nowcast,0.9,0.9,1,0.9,0.9,1
Lombardia,nowcast,0.9,0.9,1,0.9,0.9,1
Lombardia,nowcast,0.9,0.9,1,0.9,0.9,1
Lombardia,nowcast,0.9,0.9,0.9,0.9,0.9,1
Lombardia,nowcast,0.9,0.8,0.9,0.9,0.9,1
Lombardia,nowcast,0.9,0.8,0.9,0.9,0.9,1
Lombardia,nowcast,0.9,0.8,0.9,0.9,0.9,1
Lombardia,nowcast,0.9,0.8,0.9,0.8,0.9,1
Lombardia,nowcast,0.9,0.8,0.9,0.8,0.9,1
Lombardia,nowcast,0.9,0.8,0.9,0.8,0.9,1
Lombardia,nowcast,0.9,0.8,0.9,0.8,0.9,1
Lombardia,nowcast,0.9,0.8,0.9,0.9,0.9,1
Lombardia,nowcast,0.9,0.8,0.9,0.9,0.9,1
Lombardia,nowcast,0.9,0.8,1,0.9,0.9,0.99
Lombardia,nowcast,0.9,0.8,1,0.9,0.9,0.97
Lombardia,nowcast,0.9,0.9,1,0.9,0.9,0.95
Lombardia,nowcast,0.9,0.9,1,0.9,1,0.94
Lombardia,nowcast,0.9,0.9,1,0.9,1,0.92
Lombardia,nowcast,0.9,0.9,1,0.9,1,0.92
Lombardia,nowcast,0.9,0.9,1,0.9,1,0.91
Lombardia,nowcast,1,0.9,1,0.9,1,0.83
Lombardia,nowcast,1,0.9,1.1,0.9,1,0.7
Lombardia,nowcast,1,0.9,1.1,1,1,0.5
Lombardia,forecast,1,0.9,1.1,1,1,0.48
Lombardia,forecast,1,0.9,1.1,1,1.1,0.46
Lombardia,forecast,1,0.9,1.2,1,1.1,0.45
Lombardia,forecast,1,0.9,1.2,1,1.1,0.43
Lombardia,forecast,1,0.9,1.2,0.9,1.1,0.43
Lombardia,forecast,1,0.8,1.2,0.9,1.1,0.41
Lombardia,forecast,1,0.8,1.2,0.9,1.1,0.41
Lombardia,forecast,1,0.8,1.2,0.9,1.1,0.41
Lombardia,forecast,1,0.8,1.3,0.9,1.1,0.4
Lombardia,forecast,1,0.8,1.3,0.9,1.1,0.41
Lombardia,forecast,1,0.8,1.3,0.9,1.1,0.39
Lombardia,forecast,1,0.8,1.3,0.9,1.2,0.39
Lombardia,forecast,1,0.8,1.4,0.9,1.1,0.39
Lombardia,forecast,1.1,0.7,1.4,0.9,1.2,0.39
Marche,nowcast,1.6,1.3,2,1.5,1.8,0
Marche,nowcast,1.6,1.3,1.9,1.5,1.7,0
Marche,nowcast,1.6,1.3,1.9,1.4,1.7,0
Marche,nowcast,1.5,1.2,1.8,1.4,1.6,0
Marche,nowcast,1.5,1.2,1.8,1.3,1.5,0
Marche,nowcast,1.4,1.2,1.7,1.3,1.5,0
Marche,nowcast,1.4,1.2,1.6,1.3,1.5,0
Marche,nowcast,1.4,1.2,1.6,1.3,1.4,0
Marche,nowcast,1.3,1.1,1.5,1.2,1.4,0
Marche,nowcast,1.3,1.1,1.5,1.2,1.4,0
Marche,nowcast,1.2,1.1,1.4,1.2,1.3,0.01
Marche,nowcast,1.2,1,1.4,1.1,1.3,0.02
Marche,nowcast,1.2,1,1.3,1.1,1.2,0.04
Marche,nowcast,1.1,1,1.3,1.1,1.2,0.08
Marche,nowcast,1.1,1,1.2,1,1.2,0.16
Marche,nowcast,1.1,0.9,1.2,1,1.1,0.21
Marche,nowcast,1,0.9,1.2,1,1.1,0.33
Marche,nowcast,1,0.9,1.1,0.9,1,0.48
Marche,nowcast,1,0.9,1.1,0.9,1,0.63
Marche,nowcast,1,0.8,1.1,0.9,1,0.77
Marche,nowcast,0.9,0.8,1,0.9,1,0.89
Marche,nowcast,0.9,0.8,1,0.9,1,0.94
Marche,nowcast,0.9,0.8,1,0.9,1,0.96
Marche,nowcast,0.9,0.8,1,0.9,0.9,0.97
Marche,nowcast,0.9,0.8,1,0.9,0.9,0.96
Marche,nowcast,0.9,0.8,1,0.9,0.9,0.96
Marche,nowcast,0.9,0.8,1,0.9,0.9,0.96
Marche,nowcast,0.9,0.8,1,0.9,0.9,0.96
Marche,nowcast,0.9,0.8,1,0.9,0.9,0.95
Marche,nowcast,0.9,0.8,1,0.8,0.9,0.96
Marche,nowcast,0.9,0.8,1,0.9,0.9,0.97
Marche,nowcast,0.9,0.8,1,0.8,0.9,0.97
Marche,nowcast,0.9,0.8,1,0.8,0.9,0.97
Marche,nowcast,0.9,0.8,1,0.8,0.9,0.97
Marche,nowcast,0.9,0.8,1,0.8,0.9,0.98
Marche,nowcast,0.9,0.7,0.9,0.8,0.9,0.98
Marche,nowcast,0.8,0.7,0.9,0.8,0.9,0.99
Marche,nowcast,0.8,0.7,0.9,0.8,0.9,0.99
Marche,nowcast,0.8,0.7,0.9,0.8,0.9,1
Marche,nowcast,0.8,0.7,0.9,0.8,0.8,1
Marche,nowcast,0.8,0.6,0.9,0.7,0.8,0.99
Marche,nowcast,0.8,0.6,0.9,0.7,0.8,0.99
Marche,nowcast,0.8,0.6,0.9,0.7,0.8,0.99
Marche,nowcast,0.8,0.6,0.9,0.7,0.8,0.99
Marche,nowcast,0.8,0.6,0.9,0.7,0.8,0.98
Marche,nowcast,0.8,0.6,0.9,0.7,0.8,0.98
Marche,nowcast,0.8,0.6,0.9,0.7,0.8,0.98
Marche,nowcast,0.8,0.6,0.9,0.7,0.8,0.98
Marche,nowcast,0.8,0.6,1,0.7,0.8,0.97
Marche,nowcast,0.8,0.6,1,0.7,0.8,0.96
Marche,nowcast,0.8,0.6,1,0.7,0.9,0.96
Marche,nowcast,0.8,0.7,1,0.7,0.9,0.95
Marche,nowcast,0.8,0.7,1,0.7,0.9,0.94
Marche,nowcast,0.8,0.7,1,0.7,0.9,0.94
Marche,nowcast,0.8,0.6,1,0.7,0.9,0.93
Marche,nowcast,0.8,0.7,1,0.8,0.9,0.92
Marche,nowcast,0.8,0.6,1,0.8,0.9,0.91
Marche,nowcast,0.8,0.7,1.1,0.8,0.9,0.9
Marche,nowcast,0.9,0.7,1.1,0.8,0.9,0.88
Marche,nowcast,0.9,0.7,1.1,0.8,0.9,0.85
Marche,nowcast,0.9,0.7,1.1,0.8,1,0.82
Marche,nowcast,0.9,0.7,1.1,0.8,1,0.82
Marche,nowcast,0.9,0.7,1.1,0.8,1,0.78
Marche,nowcast,0.9,0.7,1.1,0.8,1,0.78
Marche,nowcast,0.9,0.7,1.1,0.8,1,0.78
Marche,nowcast,0.9,0.7,1.2,0.8,1,0.74
Marche,nowcast,0.9,0.7,1.2,0.8,1,0.69
Marche,nowcast,0.9,0.7,1.2,0.8,1,0.66
Marche,nowcast,1,0.7,1.3,0.8,1,0.59
Marche,nowcast,1,0.7,1.4,0.8,1.1,0.49
Piemonte,nowcast,1.8,1.4,2.2,1.6,1.9,0
Piemonte,nowcast,1.8,1.4,2.2,1.6,1.9,0
Piemonte,nowcast,1.7,1.4,2.1,1.6,1.9,0
Piemonte,nowcast,1.7,1.4,2,1.6,1.8,0
Piemonte,nowcast,1.7,1.4,2,1.5,1.8,0
Piemonte,nowcast,1.7,1.4,2,1.5,1.8,0
Piemonte,nowcast,1.6,1.4,1.9,1.5,1.7,0
Piemonte,nowcast,1.6,1.4,1.9,1.5,1.7,0
Piemonte,nowcast,1.6,1.3,1.8,1.5,1.7,0
Piemonte,nowcast,1.6,1.3,1.8,1.5,1.7,0
Piemonte,nowcast,1.5,1.3,1.8,1.4,1.6,0
Piemonte,nowcast,1.5,1.3,1.7,1.4,1.6,0
Piemonte,nowcast,1.5,1.3,1.7,1.3,1.5,0
Piemonte,nowcast,1.4,1.2,1.6,1.3,1.5,0
Piemonte,nowcast,1.4,1.2,1.6,1.3,1.4,0
Piemonte,nowcast,1.3,1.1,1.5,1.2,1.4,0
Piemonte,nowcast,1.3,1.1,1.4,1.2,1.3,0
Piemonte,nowcast,1.2,1.1,1.3,1.1,1.2,0
Piemonte,nowcast,1.2,1.1,1.3,1.1,1.2,0
Piemonte,nowcast,1.1,1,1.2,1.1,1.2,0.01
Piemonte,nowcast,1.1,1,1.2,1.1,1.2,0.02
Piemonte,nowcast,1.1,1,1.2,1.1,1.1,0.04
Piemonte,nowcast,1.1,1,1.2,1,1.1,0.05
Piemonte,nowcast,1.1,1,1.1,1,1.1,0.07
Piemonte,nowcast,1.1,1,1.1,1,1.1,0.09
Piemonte,nowcast,1.1,1,1.1,1,1.1,0.09
Piemonte,nowcast,1,1,1.1,1,1.1,0.11
Piemonte,nowcast,1,1,1.1,1,1.1,0.12
Piemonte,nowcast,1,1,1.1,1,1.1,0.11
Piemonte,nowcast,1,1,1.1,1,1.1,0.11
Piemonte,nowcast,1,1,1.1,1,1.1,0.1
Piemonte,nowcast,1,1,1.1,1,1.1,0.12
Piemonte,nowcast,1,1,1.1,1,1.1,0.13
Piemonte,nowcast,1,1,1.1,1,1.1,0.17
Piemonte,nowcast,1,1,1.1,1,1.1,0.21
Piemonte,nowcast,1,1,1.1,1,1,0.28
Piemonte,nowcast,1,1,1.1,1,1,0.28
Piemonte,nowcast,1,1,1.1,1,1,0.28
Piemonte,nowcast,1,1,1.1,1,1,0.33
Piemonte,nowcast,1,1,1.1,1,1,0.34
Piemonte,nowcast,1,0.9,1.1,1,1,0.47
Piemonte,nowcast,1,0.9,1,1,1,0.6
Piemonte,nowcast,1,0.9,1,1,1,0.73
Piemonte,nowcast,1,0.9,1,0.9,1,0.85
Piemonte,nowcast,1,0.9,1,0.9,1,0.91
Piemonte,nowcast,0.9,0.9,1,0.9,1,0.96
Piemonte,nowcast,0.9,0.9,1,0.9,1,0.98
Piemonte,nowcast,0.9,0.8,1,0.9,0.9,1
Piemonte,nowcast,0.9,0.8,1,0.9,0.9,1
Piemonte,nowcast,0.9,0.8,0.9,0.9,0.9,1
Piemonte,nowcast,0.9,0.8,0.9,0.9,0.9,1
Piemonte,nowcast,0.9,0.8,0.9,0.8,0.9,1
Piemonte,nowcast,0.9,0.8,0.9,0.8,0.9,1
Piemonte,nowcast,0.8,0.8,0.9,0.8,0.9,1
Piemonte,nowcast,0.8,0.7,0.9,0.8,0.9,1
Piemonte,nowcast,0.8,0.7,0.9,0.8,0.8,1
Piemonte,nowcast,0.8,0.7,0.9,0.8,0.8,1
Piemonte,nowcast,0.8,0.7,0.9,0.8,0.8,1
Piemonte,nowcast,0.8,0.7,0.9,0.8,0.8,1
Piemonte,nowcast,0.8,0.7,0.8,0.7,0.8,1
Piemonte,nowcast,0.8,0.7,0.8,0.7,0.8,1
Piemonte,nowcast,0.7,0.7,0.8,0.7,0.8,1
Piemonte,nowcast,0.7,0.6,0.8,0.7,0.8,1
Piemonte,nowcast,0.7,0.6,0.8,0.7,0.8,1
Piemonte,nowcast,0.7,0.6,0.8,0.7,0.8,1
Piemonte,nowcast,0.7,0.6,0.9,0.7,0.8,1
Piemonte,nowcast,0.8,0.7,0.9,0.7,0.8,0.99
Piemonte,nowcast,0.8,0.7,1,0.7,0.9,0.97
Piemonte,nowcast,0.9,0.7,1,0.8,0.9,0.93
Piemonte,nowcast,0.9,0.7,1.1,0.8,0.9,0.85
Piemonte,nowcast,1,0.8,1.1,0.9,1,0.65
Piemonte,forecast,1,0.8,1.2,0.9,1,0.64
Piemonte,forecast,1,0.7,1.2,0.9,1,0.61
Piemonte,forecast,1,0.7,1.2,0.8,1,0.59
Piemonte,forecast,1,0.7,1.3,0.8,1.1,0.56
Piemonte,forecast,1,0.7,1.3,0.8,1.1,0.56
Piemonte,forecast,1,0.7,1.4,0.8,1.1,0.53
Piemonte,forecast,1,0.6,1.4,0.8,1.1,0.53
Piemonte,forecast,1,0.6,1.4,0.8,1.1,0.52
Piemonte,forecast,1,0.6,1.4,0.8,1.1,0.51
Piemonte,forecast,1,0.6,1.5,0.8,1.1,0.51
Piemonte,forecast,1,0.6,1.5,0.8,1.2,0.5
Piemonte,forecast,1,0.5,1.6,0.8,1.1,0.51
Piemonte,forecast,1,0.5,1.6,0.8,1.1,0.51
Piemonte,forecast,1,0.5,1.6,0.7,1.1,0.5
Puglia,nowcast,1.7,1.3,2.1,1.4,1.8,0
Puglia,nowcast,1.6,1.3,2,1.4,1.7,0
Puglia,nowcast,1.6,1.3,2,1.4,1.7,0
Puglia,nowcast,1.6,1.2,1.9,1.4,1.6,0
Puglia,nowcast,1.5,1.2,1.9,1.4,1.7,0
Puglia,nowcast,1.5,1.2,1.8,1.4,1.6,0
Puglia,nowcast,1.4,1.2,1.7,1.3,1.5,0
Puglia,nowcast,1.4,1.2,1.7,1.3,1.5,0
Puglia,nowcast,1.4,1.1,1.6,1.3,1.5,0
Puglia,nowcast,1.3,1.1,1.6,1.2,1.4,0.01
Puglia,nowcast,1.3,1.1,1.5,1.2,1.4,0.01
Puglia,nowcast,1.2,1,1.4,1.1,1.3,0.02
Puglia,nowcast,1.2,1,1.4,1.1,1.3,0.04
Puglia,nowcast,1.2,1,1.4,1.1,1.2,0.06
Puglia,nowcast,1.1,1,1.3,1.1,1.2,0.09
Puglia,nowcast,1.1,0.9,1.2,1,1.2,0.14
Puglia,nowcast,1.1,0.9,1.2,1,1.1,0.19
Puglia,nowcast,1.1,0.9,1.2,1,1.1,0.24
Puglia,nowcast,1,0.9,1.2,1,1.1,0.3
Puglia,nowcast,1,0.9,1.1,1,1.1,0.37
Puglia,nowcast,1,0.9,1.1,1,1.1,0.48
Puglia,nowcast,1,0.8,1.1,0.9,1,0.62
Puglia,nowcast,1,0.8,1.1,0.9,1,0.72
Puglia,nowcast,0.9,0.8,1.1,0.9,1,0.81
Puglia,nowcast,0.9,0.8,1,0.9,1,0.86
Puglia,nowcast,0.9,0.8,1,0.9,1,0.9
Puglia,nowcast,0.9,0.8,1,0.9,1,0.92
Puglia,nowcast,0.9,0.8,1,0.9,1,0.91
Puglia,nowcast,0.9,0.8,1,0.9,0.9,0.91
Puglia,nowcast,0.9,0.8,1,0.9,0.9,0.91
Puglia,nowcast,0.9,0.8,1,0.9,0.9,0.9
Puglia,nowcast,0.9,0.8,1,0.9,0.9,0.9
Puglia,nowcast,0.9,0.8,1,0.8,0.9,0.92
Puglia,nowcast,0.9,0.8,1,0.9,0.9,0.92
Puglia,nowcast,0.9,0.8,1,0.9,0.9,0.92
Puglia,nowcast,0.9,0.7,1,0.9,1,0.92
Puglia,nowcast,0.9,0.7,1,0.8,0.9,0.91
Puglia,nowcast,0.9,0.8,1,0.8,0.9,0.9
Puglia,nowcast,0.9,0.7,1,0.8,0.9,0.89
Puglia,nowcast,0.9,0.7,1,0.8,0.9,0.9
Puglia,nowcast,0.9,0.7,1,0.8,0.9,0.91
Puglia,nowcast,0.9,0.7,1,0.8,0.9,0.93
Puglia,nowcast,0.8,0.7,1,0.8,0.9,0.96
Puglia,nowcast,0.8,0.7,1,0.8,0.9,0.98
Puglia,nowcast,0.8,0.6,0.9,0.7,0.9,0.99
Puglia,nowcast,0.8,0.6,0.9,0.7,0.8,1
Puglia,nowcast,0.7,0.6,0.9,0.7,0.8,1
Puglia,nowcast,0.7,0.5,0.9,0.7,0.8,1
Puglia,nowcast,0.7,0.5,0.9,0.6,0.8,1
Puglia,nowcast,0.7,0.5,0.9,0.6,0.8,0.99
Puglia,nowcast,0.7,0.5,0.9,0.6,0.8,0.97
Puglia,nowcast,0.7,0.5,1,0.6,0.8,0.96
Puglia,nowcast,0.8,0.6,1,0.7,0.8,0.94
Puglia,nowcast,0.8,0.6,1,0.7,0.8,0.94
Puglia,nowcast,0.8,0.6,1,0.7,0.8,0.93
Puglia,nowcast,0.8,0.6,1,0.7,0.9,0.9
Puglia,nowcast,0.8,0.6,1.1,0.7,0.9,0.88
Puglia,nowcast,0.8,0.6,1.1,0.8,0.9,0.84
Puglia,nowcast,0.9,0.6,1.2,0.7,0.9,0.79
Puglia,nowcast,0.9,0.6,1.1,0.8,0.9,0.79
Puglia,nowcast,0.9,0.6,1.2,0.8,1,0.79
Puglia,nowcast,0.9,0.6,1.2,0.7,1,0.78
Puglia,nowcast,0.9,0.6,1.2,0.7,1,0.76
Puglia,nowcast,0.9,0.6,1.3,0.7,1,0.7
Puglia,nowcast,0.9,0.5,1.5,0.7,1,0.61
Sardegna,nowcast,1.6,1.1,2.1,1.4,1.8,0.01
Sardegna,nowcast,1.5,1.1,2,1.3,1.7,0.01
Sardegna,nowcast,1.5,1.1,1.9,1.4,1.7,0.01
Sardegna,nowcast,1.5,1.1,1.8,1.3,1.6,0.01
Sardegna,nowcast,1.4,1.1,1.8,1.2,1.5,0.02
Sardegna,nowcast,1.4,1.1,1.7,1.2,1.5,0.03
Sardegna,nowcast,1.3,1,1.6,1.2,1.4,0.04
Sardegna,nowcast,1.3,1,1.5,1.1,1.4,0.08
Sardegna,nowcast,1.2,0.9,1.5,1.1,1.3,0.12
Sardegna,nowcast,1.1,0.9,1.4,1,1.2,0.19
Sardegna,nowcast,1.1,0.8,1.3,1,1.2,0.28
Sardegna,nowcast,1.1,0.8,1.3,1,1.2,0.33
Sardegna,nowcast,1,0.8,1.3,1,1.1,0.36
Sardegna,nowcast,1,0.8,1.2,1,1.1,0.4
Sardegna,nowcast,1,0.8,1.2,0.9,1.1,0.44
Sardegna,nowcast,1,0.8,1.2,0.9,1.1,0.49
Sardegna,nowcast,1,0.8,1.2,0.9,1.1,0.58
Sardegna,nowcast,1,0.7,1.1,0.9,1,0.67
Sardegna,nowcast,0.9,0.7,1.1,0.9,1,0.76
Sardegna,nowcast,0.9,0.7,1.1,0.8,1,0.82
Sardegna,nowcast,0.9,0.7,1.1,0.8,1,0.84
Sardegna,nowcast,0.9,0.7,1.1,0.8,0.9,0.86
Sardegna,nowcast,0.9,0.7,1.1,0.8,1,0.86
Sardegna,nowcast,0.9,0.7,1.1,0.8,0.9,0.88
Sardegna,nowcast,0.9,0.7,1.1,0.8,0.9,0.89
Sardegna,nowcast,0.8,0.7,1.1,0.8,0.9,0.9
Sardegna,nowcast,0.8,0.6,1,0.8,0.9,0.92
Sardegna,nowcast,0.8,0.6,1,0.8,0.9,0.92
Sardegna,nowcast,0.8,0.6,1,0.7,0.9,0.93
Sardegna,nowcast,0.8,0.6,1,0.7,0.9,0.95
Sardegna,nowcast,0.8,0.5,1,0.7,0.9,0.96
Sardegna,nowcast,0.7,0.5,0.9,0.7,0.8,0.98
Sardegna,nowcast,0.7,0.5,0.9,0.6,0.8,0.98
Sardegna,nowcast,0.7,0.5,0.9,0.6,0.8,0.97
Sardegna,nowcast,0.7,0.5,0.9,0.6,0.8,0.96
Sardegna,nowcast,0.7,0.5,1,0.6,0.8,0.95
Sardegna,nowcast,0.7,0.5,1,0.6,0.8,0.94
Sardegna,nowcast,0.7,0.5,1,0.6,0.8,0.93
Sardegna,nowcast,0.7,0.5,1,0.6,0.8,0.92
Sardegna,nowcast,0.7,0.4,1,0.6,0.8,0.92
Sardegna,nowcast,0.7,0.4,1,0.6,0.8,0.93
Sardegna,nowcast,0.7,0.4,1,0.6,0.8,0.92
Sardegna,nowcast,0.7,0.4,1.1,0.6,0.8,0.91
Sardegna,nowcast,0.7,0.4,1.1,0.6,0.8,0.9
Sardegna,nowcast,0.7,0.4,1.1,0.6,0.8,0.89
Sardegna,nowcast,0.7,0.4,1.2,0.6,0.8,0.86
Sardegna,nowcast,0.7,0.4,1.2,0.6,0.9,0.84
Sardegna,nowcast,0.8,0.4,1.2,0.6,0.9,0.82
Sardegna,nowcast,0.8,0.4,1.2,0.6,0.9,0.8
Sardegna,nowcast,0.8,0.4,1.3,0.6,0.9,0.8
Sardegna,nowcast,0.8,0.4,1.3,0.6,0.9,0.78
Sardegna,nowcast,0.8,0.3,1.3,0.6,0.9,0.76
Sardegna,nowcast,0.8,0.3,1.3,0.6,1,0.73
Sardegna,nowcast,0.8,0.4,1.4,0.6,1,0.7
Sardegna,nowcast,0.9,0.3,1.5,0.6,1,0.63
Sardegna,nowcast,0.9,0.4,1.7,0.6,1.1,0.55
Sardegna,nowcast,1,0.3,1.8,0.7,1.1,0.5
Sardegna,nowcast,1.1,0.4,2,0.7,1.2,0.41
Sardegna,nowcast,1.2,0.5,2.1,0.8,1.4,0.34
Sardegna,nowcast,1.2,0.4,2.2,0.8,1.4,0.3
Sardegna,nowcast,1.4,0.5,2.5,0.9,1.6,0.22
Sardegna,nowcast,1.6,0.6,3.1,0.9,1.8,0.16
Sicilia,nowcast,1.7,1.2,2.3,1.5,1.9,0.01
Sicilia,nowcast,1.7,1.2,2.2,1.4,1.8,0.01
Sicilia,nowcast,1.6,1.2,2.1,1.4,1.8,0.01
Sicilia,nowcast,1.6,1.2,2.1,1.4,1.8,0
Sicilia,nowcast,1.6,1.2,2,1.4,1.7,0
Sicilia,nowcast,1.6,1.2,2,1.4,1.7,0
Sicilia,nowcast,1.6,1.2,1.9,1.4,1.7,0
Sicilia,nowcast,1.5,1.2,1.9,1.4,1.6,0
Sicilia,nowcast,1.5,1.2,1.8,1.4,1.6,0
Sicilia,nowcast,1.5,1.2,1.8,1.3,1.6,0
Sicilia,nowcast,1.5,1.2,1.8,1.4,1.6,0
Sicilia,nowcast,1.4,1.2,1.7,1.3,1.6,0
Sicilia,nowcast,1.4,1.2,1.7,1.3,1.5,0
Sicilia,nowcast,1.4,1.1,1.6,1.3,1.5,0
Sicilia,nowcast,1.4,1.1,1.6,1.3,1.4,0.01
Sicilia,nowcast,1.3,1.1,1.5,1.2,1.4,0.01
Sicilia,nowcast,1.3,1,1.5,1.2,1.3,0.03
Sicilia,nowcast,1.2,1,1.4,1.1,1.3,0.06
Sicilia,nowcast,1.1,0.9,1.4,1.1,1.2,0.13
Sicilia,nowcast,1.1,0.9,1.3,1,1.2,0.24
Sicilia,nowcast,1,0.8,1.2,1,1.1,0.44
Sicilia,nowcast,1,0.8,1.1,0.9,1,0.6
Sicilia,nowcast,0.9,0.8,1.1,0.9,1,0.78
Sicilia,nowcast,0.9,0.7,1,0.9,1,0.89
Sicilia,nowcast,0.9,0.7,1,0.8,0.9,0.95
Sicilia,nowcast,0.9,0.7,1,0.8,0.9,0.97
Sicilia,nowcast,0.8,0.7,1,0.8,0.9,0.98
Sicilia,nowcast,0.8,0.7,1,0.8,0.9,0.98
Sicilia,nowcast,0.8,0.7,1,0.8,0.9,0.98
Sicilia,nowcast,0.8,0.7,1,0.8,0.9,0.96
Sicilia,nowcast,0.8,0.7,1,0.8,0.9,0.96
Sicilia,nowcast,0.8,0.7,1,0.8,0.9,0.94
Sicilia,nowcast,0.9,0.7,1,0.8,0.9,0.92
Sicilia,nowcast,0.9,0.7,1,0.8,0.9,0.91
Sicilia,nowcast,0.9,0.7,1,0.8,0.9,0.9
Sicilia,nowcast,0.9,0.7,1,0.8,0.9,0.89
Sicilia,nowcast,0.9,0.7,1.1,0.8,0.9,0.89
Sicilia,nowcast,0.9,0.7,1.1,0.8,0.9,0.9
Sicilia,nowcast,0.9,0.7,1,0.8,0.9,0.89
Sicilia,nowcast,0.9,0.7,1,0.8,0.9,0.89
Sicilia,nowcast,0.9,0.7,1.1,0.8,0.9,0.87
Sicilia,nowcast,0.9,0.7,1.1,0.8,1,0.84
Sicilia,nowcast,0.9,0.7,1.1,0.8,1,0.8
Sicilia,nowcast,0.9,0.8,1.1,0.8,1,0.79
Sicilia,nowcast,0.9,0.7,1.1,0.9,1,0.76
Sicilia,nowcast,0.9,0.7,1.1,0.9,1,0.77
Sicilia,nowcast,0.9,0.7,1.1,0.8,1,0.8
Sicilia,nowcast,0.9,0.7,1.1,0.8,1,0.84
Sicilia,nowcast,0.9,0.7,1.1,0.8,0.9,0.88
Sicilia,nowcast,0.9,0.7,1,0.8,0.9,0.92
Sicilia,nowcast,0.8,0.6,1,0.8,0.9,0.95
Sicilia,nowcast,0.8,0.6,1,0.7,0.9,0.97
Sicilia,nowcast,0.8,0.6,0.9,0.7,0.9,0.98
Sicilia,nowcast,0.7,0.6,0.9,0.7,0.8,0.98
Sicilia,nowcast,0.7,0.5,0.9,0.7,0.8,0.98
Sicilia,nowcast,0.7,0.5,0.9,0.6,0.8,0.98
Sicilia,nowcast,0.7,0.5,0.9,0.6,0.8,0.97
Sicilia,nowcast,0.7,0.5,0.9,0.6,0.8,0.96
Sicilia,nowcast,0.7,0.5,0.9,0.6,0.8,0.95
Sicilia,nowcast,0.7,0.5,1,0.6,0.8,0.95
Sicilia,nowcast,0.7,0.5,1,0.6,0.8,0.95
Sicilia,nowcast,0.7,0.5,1,0.6,0.8,0.92
Sicilia,nowcast,0.8,0.5,1.1,0.6,0.8,0.89
Sicilia,nowcast,0.8,0.5,1.1,0.6,0.9,0.83
Sicilia,nowcast,0.8,0.5,1.3,0.7,0.9,0.77
Sicilia,nowcast,0.9,0.5,1.3,0.7,1,0.67
Sicilia,nowcast,0.9,0.6,1.5,0.7,1,0.57
Sicilia,nowcast,1,0.6,1.6,0.8,1.1,0.44
Sicilia,nowcast,1.1,0.6,1.9,0.8,1.3,0.35
Toscana,nowcast,1.8,1.4,2.3,1.6,2,0
Toscana,nowcast,1.8,1.4,2.2,1.6,1.9,0
Toscana,nowcast,1.7,1.4,2.1,1.5,1.8,0
Toscana,nowcast,1.7,1.3,2,1.5,1.8,0
Toscana,nowcast,1.6,1.4,2,1.5,1.7,0
Toscana,nowcast,1.6,1.3,1.9,1.5,1.7,0
Toscana,nowcast,1.6,1.3,1.9,1.5,1.7,0
Toscana,nowcast,1.5,1.3,1.8,1.4,1.7,0
Toscana,nowcast,1.5,1.3,1.7,1.4,1.6,0
Toscana,nowcast,1.5,1.2,1.7,1.4,1.6,0
Toscana,nowcast,1.4,1.2,1.7,1.3,1.5,0
Toscana,nowcast,1.4,1.2,1.6,1.3,1.5,0
Toscana,nowcast,1.4,1.2,1.6,1.3,1.4,0
Toscana,nowcast,1.3,1.1,1.5,1.2,1.4,0
Toscana,nowcast,1.3,1.1,1.4,1.2,1.3,0
Toscana,nowcast,1.2,1.1,1.4,1.2,1.3,0
Toscana,nowcast,1.2,1,1.3,1.1,1.3,0.01
Toscana,nowcast,1.2,1,1.3,1.1,1.2,0.03
Toscana,nowcast,1.1,1,1.3,1.1,1.2,0.04
Toscana,nowcast,1.1,1,1.2,1.1,1.2,0.08
Toscana,nowcast,1.1,1,1.2,1,1.1,0.1
Toscana,nowcast,1.1,1,1.2,1,1.1,0.13
Toscana,nowcast,1.1,1,1.2,1,1.1,0.18
Toscana,nowcast,1,0.9,1.1,1,1.1,0.26
Toscana,nowcast,1,0.9,1.1,1,1.1,0.39
Toscana,nowcast,1,0.9,1.1,1,1,0.51
Toscana,nowcast,1,0.9,1.1,0.9,1,0.68
Toscana,nowcast,1,0.9,1,0.9,1,0.84
Toscana,nowcast,0.9,0.8,1,0.9,1,0.92
Toscana,nowcast,0.9,0.8,1,0.9,1,0.97
Toscana,nowcast,0.9,0.8,1,0.9,0.9,0.99
Toscana,nowcast,0.9,0.8,1,0.9,0.9,0.99
Toscana,nowcast,0.9,0.8,1,0.9,0.9,0.99
Toscana,nowcast,0.9,0.8,0.9,0.8,0.9,0.99
Toscana,nowcast,0.9,0.8,1,0.8,0.9,0.98
Toscana,nowcast,0.9,0.8,1,0.8,0.9,0.96
Toscana,nowcast,0.9,0.8,1,0.9,0.9,0.94
Toscana,nowcast,0.9,0.8,1,0.9,0.9,0.93
Toscana,nowcast,0.9,0.8,1,0.9,0.9,0.94
Toscana,nowcast,0.9,0.8,1,0.9,0.9,0.95
Toscana,nowcast,0.9,0.8,1,0.9,0.9,0.97
Toscana,nowcast,0.9,0.8,1,0.8,0.9,0.98
Toscana,nowcast,0.9,0.7,1,0.8,0.9,0.99
Toscana,nowcast,0.8,0.7,0.9,0.8,0.9,1
Toscana,nowcast,0.8,0.7,0.9,0.8,0.9,1
Toscana,nowcast,0.8,0.7,0.9,0.8,0.9,1
Toscana,nowcast,0.8,0.7,0.9,0.8,0.8,1
Toscana,nowcast,0.8,0.7,0.9,0.7,0.8,1
Toscana,nowcast,0.8,0.6,0.9,0.7,0.8,1
Toscana,nowcast,0.8,0.7,0.9,0.7,0.8,1
Toscana,nowcast,0.8,0.6,0.9,0.7,0.8,1
Toscana,nowcast,0.8,0.6,0.9,0.7,0.8,1
Toscana,nowcast,0.8,0.6,0.9,0.7,0.8,1
Toscana,nowcast,0.8,0.6,0.9,0.7,0.8,1
Toscana,nowcast,0.7,0.6,0.9,0.7,0.8,1
Toscana,nowcast,0.7,0.6,0.9,0.7,0.8,1
Toscana,nowcast,0.7,0.6,0.9,0.7,0.8,1
Toscana,nowcast,0.7,0.6,0.9,0.7,0.8,0.99
Toscana,nowcast,0.7,0.6,0.9,0.7,0.8,1
Toscana,nowcast,0.7,0.6,0.9,0.7,0.8,0.99
Toscana,nowcast,0.7,0.6,0.9,0.7,0.8,0.99
Toscana,nowcast,0.7,0.5,0.9,0.6,0.8,0.99
Toscana,nowcast,0.7,0.5,0.9,0.6,0.8,0.99
Toscana,nowcast,0.7,0.5,0.9,0.6,0.8,0.99
Toscana,nowcast,0.7,0.5,0.9,0.6,0.8,0.98
Toscana,nowcast,0.7,0.5,1,0.6,0.8,0.95
Toscana,nowcast,0.8,0.6,1,0.6,0.8,0.9
Toscana,nowcast,0.8,0.6,1.1,0.7,0.9,0.83
Toscana,nowcast,0.9,0.6,1.2,0.7,0.9,0.74
Toscana,nowcast,0.9,0.6,1.3,0.8,1,0.62
Toscana,nowcast,1,0.7,1.5,0.8,1.1,0.49
Trentino-Alto Adige,nowcast,1.6,1.3,2,1.5,1.7,0
Trentino-Alto Adige,nowcast,1.6,1.3,1.9,1.4,1.7,0
Trentino-Alto Adige,nowcast,1.5,1.2,1.8,1.4,1.6,0
Trentino-Alto Adige,nowcast,1.4,1.2,1.7,1.3,1.5,0
Trentino-Alto Adige,nowcast,1.4,1.1,1.6,1.3,1.5,0
Trentino-Alto Adige,nowcast,1.3,1.1,1.6,1.3,1.4,0
Trentino-Alto Adige,nowcast,1.3,1.1,1.5,1.2,1.4,0
Trentino-Alto Adige,nowcast,1.3,1.1,1.4,1.2,1.3,0.01
Trentino-Alto Adige,nowcast,1.2,1.1,1.4,1.2,1.3,0.01
Trentino-Alto Adige,nowcast,1.2,1,1.4,1.1,1.3,0.02
Trentino-Alto Adige,nowcast,1.2,1,1.3,1.1,1.2,0.03
Trentino-Alto Adige,nowcast,1.1,1,1.3,1.1,1.2,0.07
Trentino-Alto Adige,nowcast,1.1,0.9,1.2,1,1.1,0.15
Trentino-Alto Adige,nowcast,1.1,0.9,1.2,1,1.1,0.2
Trentino-Alto Adige,nowcast,1,0.9,1.2,1,1.1,0.29
Trentino-Alto Adige,nowcast,1,0.9,1.1,1,1.1,0.31
Trentino-Alto Adige,nowcast,1,0.9,1.1,1,1.1,0.36
Trentino-Alto Adige,nowcast,1,0.9,1.1,1,1,0.41
Trentino-Alto Adige,nowcast,1,0.9,1.1,1,1,0.48
Trentino-Alto Adige,nowcast,1,0.9,1.1,1,1,0.57
Trentino-Alto Adige,nowcast,1,0.9,1.1,0.9,1,0.65
Trentino-Alto Adige,nowcast,1,0.9,1.1,0.9,1,0.72
Trentino-Alto Adige,nowcast,1,0.9,1.1,0.9,1,0.78
Trentino-Alto Adige,nowcast,1,0.9,1,0.9,1,0.81
Trentino-Alto Adige,nowcast,0.9,0.9,1,0.9,1,0.85
Trentino-Alto Adige,nowcast,0.9,0.8,1,0.9,1,0.87
Trentino-Alto Adige,nowcast,0.9,0.8,1,0.9,1,0.86
Trentino-Alto Adige,nowcast,0.9,0.8,1,0.9,1,0.89
Trentino-Alto Adige,nowcast,0.9,0.8,1,0.9,1,0.91
Trentino-Alto Adige,nowcast,0.9,0.8,1,0.9,1,0.93
Trentino-Alto Adige,nowcast,0.9,0.8,1,0.9,0.9,0.96
Trentino-Alto Adige,nowcast,0.9,0.8,1,0.8,0.9,0.98
Trentino-Alto Adige,nowcast,0.9,0.7,1,0.8,0.9,0.99
Trentino-Alto Adige,nowcast,0.8,0.7,0.9,0.8,0.9,0.99
Trentino-Alto Adige,nowcast,0.8,0.7,0.9,0.8,0.9,1
Trentino-Alto Adige,nowcast,0.8,0.7,0.9,0.8,0.9,1
Trentino-Alto Adige,nowcast,0.8,0.7,0.9,0.8,0.9,1
Trentino-Alto Adige,nowcast,0.8,0.7,0.9,0.8,0.8,1
Trentino-Alto Adige,nowcast,0.8,0.7,0.9,0.7,0.8,0.99
Trentino-Alto Adige,nowcast,0.8,0.7,0.9,0.7,0.8,0.99
Trentino-Alto Adige,nowcast,0.8,0.7,0.9,0.7,0.8,0.99
Trentino-Alto Adige,nowcast,0.8,0.7,0.9,0.7,0.8,0.99
Trentino-Alto Adige,nowcast,0.8,0.7,0.9,0.7,0.8,0.99
Trentino-Alto Adige,nowcast,0.8,0.7,0.9,0.7,0.8,0.99
Trentino-Alto Adige,nowcast,0.8,0.7,0.9,0.7,0.8,0.98
Trentino-Alto Adige,nowcast,0.8,0.7,0.9,0.7,0.8,0.98
Trentino-Alto Adige,nowcast,0.8,0.6,0.9,0.7,0.8,0.98
Trentino-Alto Adige,nowcast,0.8,0.6,0.9,0.7,0.8,0.99
Trentino-Alto Adige,nowcast,0.8,0.6,0.9,0.7,0.8,0.99
Trentino-Alto Adige,nowcast,0.7,0.6,0.9,0.7,0.8,1
Trentino-Alto Adige,nowcast,0.7,0.5,0.9,0.7,0.8,1
Trentino-Alto Adige,nowcast,0.7,0.5,0.8,0.6,0.7,1
Trentino-Alto Adige,nowcast,0.6,0.5,0.8,0.6,0.7,1
Trentino-Alto Adige,nowcast,0.6,0.4,0.8,0.6,0.7,1
Trentino-Alto Adige,nowcast,0.6,0.4,0.8,0.5,0.7,1
Trentino-Alto Adige,nowcast,0.6,0.4,0.7,0.5,0.6,1
Trentino-Alto Adige,nowcast,0.5,0.3,0.7,0.5,0.6,1
Trentino-Alto Adige,nowcast,0.5,0.3,0.7,0.5,0.6,1
Trentino-Alto Adige,nowcast,0.5,0.3,0.8,0.5,0.6,0.98
Trentino-Alto Adige,nowcast,0.6,0.3,0.9,0.5,0.6,0.94
Trentino-Alto Adige,nowcast,0.6,0.3,1.1,0.4,0.7,0.9
Trentino-Alto Adige,nowcast,0.7,0.3,1.2,0.5,0.8,0.8
Trentino-Alto Adige,nowcast,0.8,0.4,1.5,0.5,0.9,0.67
Trentino-Alto Adige,nowcast,1,0.4,1.9,0.5,1.1,0.51
Umbria,nowcast,1.7,1.2,2.3,1.5,1.9,0.01
Umbria,nowcast,1.7,1.2,2.2,1.5,1.9,0
Umbria,nowcast,1.7,1.2,2.1,1.5,1.8,0.01
Umbria,nowcast,1.6,1.2,2.1,1.4,1.8,0
Umbria,nowcast,1.6,1.2,2,1.4,1.7,0.01
Umbria,nowcast,1.6,1.2,1.9,1.4,1.7,0
Umbria,nowcast,1.5,1.1,1.9,1.4,1.7,0.01
Umbria,nowcast,1.5,1.1,1.8,1.3,1.6,0.01
Umbria,nowcast,1.4,1.1,1.8,1.3,1.5,0.01
Umbria,nowcast,1.4,1.1,1.7,1.2,1.5,0.02
Umbria,nowcast,1.3,1,1.6,1.2,1.4,0.03
Umbria,nowcast,1.3,1,1.5,1.2,1.4,0.04
Umbria,nowcast,1.2,1,1.5,1.1,1.3,0.08
Umbria,nowcast,1.2,0.9,1.4,1.1,1.2,0.14
Umbria,nowcast,1.1,0.9,1.3,1,1.2,0.19
Umbria,nowcast,1.1,0.9,1.3,1,1.2,0.31
Umbria,nowcast,1,0.8,1.2,0.9,1.1,0.45
Umbria,nowcast,1,0.8,1.2,0.9,1.1,0.6
Umbria,nowcast,0.9,0.7,1.1,0.8,1,0.75
Umbria,nowcast,0.9,0.7,1.1,0.8,1,0.88
Umbria,nowcast,0.8,0.6,1,0.8,0.9,0.96
Umbria,nowcast,0.8,0.6,1,0.7,0.9,0.99
Umbria,nowcast,0.7,0.5,0.9,0.6,0.8,1
Umbria,nowcast,0.7,0.5,0.9,0.6,0.8,1
Umbria,nowcast,0.7,0.5,0.8,0.6,0.7,1
Umbria,nowcast,0.6,0.5,0.8,0.6,0.7,1
Umbria,nowcast,0.6,0.5,0.8,0.6,0.7,0.99
Umbria,nowcast,0.6,0.4,0.8,0.6,0.7,0.99
Umbria,nowcast,0.6,0.4,0.8,0.5,0.7,0.99
Umbria,nowcast,0.6,0.4,0.8,0.5,0.7,0.99
Umbria,nowcast,0.6,0.3,0.8,0.5,0.6,1
Umbria,nowcast,0.5,0.3,0.8,0.4,0.6,0.99
Umbria,nowcast,0.5,0.3,0.7,0.4,0.6,0.99
Umbria,nowcast,0.5,0.3,0.7,0.4,0.6,0.99
Umbria,nowcast,0.5,0.2,0.7,0.4,0.6,0.99
Umbria,nowcast,0.5,0.2,0.8,0.4,0.6,0.98
Umbria,nowcast,0.5,0.2,0.9,0.4,0.6,0.96
Umbria,nowcast,0.5,0.3,0.9,0.4,0.6,0.94
Umbria,nowcast,0.6,0.3,1,0.4,0.7,0.91
Umbria,nowcast,0.6,0.2,1.1,0.4,0.7,0.87
Umbria,nowcast,0.7,0.3,1.2,0.5,0.8,0.83
Umbria,nowcast,0.7,0.3,1.3,0.5,0.8,0.79
Umbria,nowcast,0.8,0.3,1.3,0.6,0.9,0.77
Umbria,nowcast,0.8,0.4,1.3,0.5,0.9,0.75
Umbria,nowcast,0.8,0.3,1.4,0.6,0.9,0.71
Umbria,nowcast,0.8,0.3,1.4,0.6,1,0.7
Umbria,nowcast,0.9,0.3,1.4,0.6,1,0.67
Umbria,nowcast,0.9,0.4,1.5,0.7,1.1,0.61
Umbria,nowcast,0.9,0.3,1.5,0.7,1.1,0.6
Umbria,nowcast,0.9,0.4,1.5,0.7,1.1,0.59
Umbria,nowcast,1,0.4,1.6,0.7,1.1,0.56
Umbria,nowcast,1,0.4,1.6,0.7,1.1,0.55
Umbria,nowcast,1,0.4,1.6,0.7,1.1,0.56
Umbria,nowcast,0.9,0.3,1.5,0.7,1.1,0.59
Umbria,nowcast,0.9,0.3,1.5,0.6,1.1,0.62
Umbria,nowcast,0.9,0.3,1.5,0.6,1,0.64
Umbria,nowcast,0.9,0.3,1.5,0.6,1.1,0.61
Umbria,nowcast,1,0.3,1.7,0.6,1.1,0.55
Umbria,nowcast,1,0.3,1.9,0.7,1.2,0.47
Umbria,nowcast,1.1,0.4,2.1,0.7,1.3,0.39
Umbria,nowcast,1.2,0.5,2.2,0.7,1.4,0.32
Umbria,nowcast,1.3,0.5,2.4,0.9,1.6,0.25
Umbria,nowcast,1.4,0.5,2.7,0.9,1.7,0.21
Umbria,nowcast,1.6,0.5,2.9,1,1.8,0.14
Umbria,nowcast,1.8,0.6,3.3,1.1,2,0.1
Umbria,nowcast,2,0.8,3.9,1.1,2.2,0.06
Valle d'Aosta,nowcast,1.7,1.1,2.3,1.4,1.8,0.01
Valle d'Aosta,nowcast,1.6,1.1,2.2,1.4,1.8,0.01
Valle d'Aosta,nowcast,1.6,1.1,2.1,1.4,1.7,0.01
Valle d'Aosta,nowcast,1.6,1.1,2,1.3,1.7,0.01
Valle d'Aosta,nowcast,1.5,1.1,1.9,1.3,1.6,0.02
Valle d'Aosta,nowcast,1.4,1.1,1.9,1.3,1.6,0.02
Valle d'Aosta,nowcast,1.4,1,1.7,1.2,1.5,0.04
Valle d'Aosta,nowcast,1.3,1,1.6,1.2,1.4,0.07
Valle d'Aosta,nowcast,1.2,0.9,1.6,1.1,1.3,0.13
Valle d'Aosta,nowcast,1.1,0.8,1.5,1,1.3,0.2
Valle d'Aosta,nowcast,1.1,0.8,1.3,1,1.2,0.3
Valle d'Aosta,nowcast,1,0.8,1.3,1,1.2,0.4
Valle d'Aosta,nowcast,1,0.8,1.2,0.9,1.1,0.52
Valle d'Aosta,nowcast,1,0.7,1.2,0.9,1.1,0.56
Valle d'Aosta,nowcast,1,0.7,1.2,0.9,1.1,0.6
Valle d'Aosta,nowcast,1,0.7,1.2,0.9,1.1,0.59
Valle d'Aosta,nowcast,1,0.8,1.2,0.9,1.1,0.53
Valle d'Aosta,nowcast,1,0.8,1.2,0.9,1.1,0.5
Valle d'Aosta,nowcast,1,0.8,1.2,0.9,1.1,0.51
Valle d'Aosta,nowcast,1,0.8,1.2,0.9,1.1,0.55
Valle d'Aosta,nowcast,1,0.7,1.2,0.9,1.1,0.63
Valle d'Aosta,nowcast,0.9,0.7,1.1,0.9,1,0.71
Valle d'Aosta,nowcast,0.9,0.7,1.1,0.8,1,0.78
Valle d'Aosta,nowcast,0.9,0.7,1.1,0.8,1,0.8
Valle d'Aosta,nowcast,0.9,0.7,1.1,0.8,1,0.81
Valle d'Aosta,nowcast,0.9,0.6,1.1,0.8,1,0.86
Valle d'Aosta,nowcast,0.8,0.6,1.1,0.7,0.9,0.88
Valle d'Aosta,nowcast,0.8,0.6,1.1,0.7,0.9,0.91
Valle d'Aosta,nowcast,0.8,0.6,1.1,0.7,0.9,0.91
Valle d'Aosta,nowcast,0.8,0.6,1.1,0.7,0.9,0.91
Valle d'Aosta,nowcast,0.8,0.6,1.1,0.7,0.9,0.89
Valle d'Aosta,nowcast,0.8,0.6,1.1,0.7,0.9,0.87
Valle d'Aosta,nowcast,0.8,0.6,1.1,0.8,0.9,0.85
Valle d'Aosta,nowcast,0.9,0.6,1.1,0.8,0.9,0.82
Valle d'Aosta,nowcast,0.9,0.6,1.2,0.8,1,0.77
Valle d'Aosta,nowcast,0.9,0.6,1.2,0.8,1,0.77
Valle d'Aosta,nowcast,0.9,0.6,1.1,0.8,1,0.8
Valle d'Aosta,nowcast,0.9,0.6,1.1,0.8,1,0.81
Valle d'Aosta,nowcast,0.8,0.5,1.1,0.7,0.9,0.85
Valle d'Aosta,nowcast,0.8,0.5,1,0.7,0.9,0.92
Valle d'Aosta,nowcast,0.7,0.4,1,0.6,0.8,0.97
Valle d'Aosta,nowcast,0.6,0.3,0.9,0.4,0.7,0.99
Valle d'Aosta,nowcast,0.5,0.2,0.8,0.4,0.6,0.99
Valle d'Aosta,nowcast,0.5,0.2,0.8,0.4,0.6,0.99
Valle d'Aosta,nowcast,0.5,0.2,0.8,0.4,0.6,0.98
Valle d'Aosta,nowcast,0.6,0.2,0.9,0.4,0.6,0.95
Valle d'Aosta,nowcast,0.6,0.3,1.1,0.4,0.7,0.89
Valle d'Aosta,nowcast,0.6,0.3,1.2,0.4,0.7,0.85
Valle d'Aosta,nowcast,0.7,0.3,1.3,0.5,0.8,0.81
Valle d'Aosta,nowcast,0.8,0.3,1.3,0.5,0.9,0.78
Valle d'Aosta,nowcast,0.8,0.3,1.3,0.5,0.9,0.76
Valle d'Aosta,nowcast,0.8,0.3,1.3,0.6,0.9,0.75
Valle d'Aosta,nowcast,0.8,0.3,1.4,0.5,0.9,0.72
Valle d'Aosta,nowcast,0.8,0.3,1.4,0.6,1,0.7
Valle d'Aosta,nowcast,0.8,0.3,1.4,0.6,1,0.69
Valle d'Aosta,nowcast,0.9,0.3,1.5,0.6,1,0.63
Valle d'Aosta,nowcast,0.9,0.3,1.7,0.6,1.1,0.59
Valle d'Aosta,nowcast,1,0.4,1.8,0.7,1.2,0.48
Valle d'Aosta,nowcast,1.1,0.4,2,0.7,1.3,0.41
Valle d'Aosta,nowcast,1.2,0.5,2.2,0.8,1.4,0.3
Valle d'Aosta,nowcast,1.4,0.5,2.4,0.9,1.6,0.22
Valle d'Aosta,nowcast,1.5,0.6,2.7,0.9,1.7,0.15
Valle d'Aosta,nowcast,1.7,0.7,3,1.1,1.9,0.09
Valle d'Aosta,nowcast,1.9,0.8,3.3,1.2,2.1,0.06
Veneto,nowcast,1.6,1.3,1.9,1.5,1.7,0
Veneto,nowcast,1.6,1.3,1.9,1.5,1.7,0
Veneto,nowcast,1.6,1.3,1.9,1.4,1.7,0
Veneto,nowcast,1.5,1.3,1.8,1.4,1.6,0
Veneto,nowcast,1.5,1.3,1.8,1.4,1.6,0
Veneto,nowcast,1.5,1.3,1.8,1.4,1.6,0
Veneto,nowcast,1.5,1.3,1.8,1.4,1.6,0
Veneto,nowcast,1.5,1.3,1.8,1.4,1.6,0
Veneto,nowcast,1.5,1.3,1.8,1.4,1.6,0
Veneto,nowcast,1.5,1.3,1.7,1.4,1.6,0
Veneto,nowcast,1.5,1.3,1.7,1.4,1.6,0
Veneto,nowcast,1.5,1.3,1.7,1.4,1.6,0
Veneto,nowcast,1.4,1.2,1.6,1.3,1.5,0
Veneto,nowcast,1.4,1.2,1.6,1.3,1.5,0
Veneto,nowcast,1.4,1.2,1.6,1.3,1.4,0
Veneto,nowcast,1.3,1.2,1.5,1.2,1.4,0
Veneto,nowcast,1.3,1.1,1.4,1.2,1.3,0
Veneto,nowcast,1.3,1.1,1.4,1.2,1.3,0
Veneto,nowcast,1.2,1.1,1.4,1.2,1.3,0
Veneto,nowcast,1.2,1.1,1.3,1.2,1.3,0
Veneto,nowcast,1.2,1.1,1.3,1.1,1.2,0
Veneto,nowcast,1.2,1,1.3,1.1,1.2,0.01
Veneto,nowcast,1.1,1,1.2,1.1,1.2,0.02
Veneto,nowcast,1.1,1,1.2,1,1.1,0.07
Veneto,nowcast,1.1,1,1.2,1,1.1,0.15
Veneto,nowcast,1,0.9,1.1,1,1.1,0.28
Veneto,nowcast,1,0.9,1.1,1,1,0.41
Veneto,nowcast,1,0.9,1.1,1,1,0.53
Veneto,nowcast,1,0.9,1.1,1,1,0.64
Veneto,nowcast,1,0.9,1,0.9,1,0.78
Veneto,nowcast,1,0.9,1,0.9,1,0.85
Veneto,nowcast,1,0.9,1,0.9,1,0.91
Veneto,nowcast,0.9,0.9,1,0.9,1,0.93
Veneto,nowcast,0.9,0.9,1,0.9,1,0.94
Veneto,nowcast,0.9,0.9,1,0.9,1,0.94
Veneto,nowcast,0.9,0.9,1,0.9,1,0.95
Veneto,nowcast,0.9,0.9,1,0.9,1,0.96
Veneto,nowcast,0.9,0.9,1,0.9,1,0.97
Veneto,nowcast,0.9,0.9,1,0.9,1,0.96
Veneto,nowcast,0.9,0.9,1,0.9,0.9,0.97
Veneto,nowcast,0.9,0.8,1,0.9,0.9,0.98
Veneto,nowcast,0.9,0.8,1,0.9,0.9,0.99
Veneto,nowcast,0.9,0.8,1,0.9,0.9,1
Veneto,nowcast,0.9,0.8,0.9,0.8,0.9,1
Veneto,nowcast,0.8,0.8,0.9,0.8,0.9,1
Veneto,nowcast,0.8,0.8,0.9,0.8,0.9,1
Veneto,nowcast,0.8,0.8,0.9,0.8,0.9,1
Veneto,nowcast,0.9,0.8,0.9,0.8,0.9,0.99
Veneto,nowcast,0.9,0.8,1,0.8,0.9,0.98
Veneto,nowcast,0.9,0.8,1,0.8,0.9,0.98
Veneto,nowcast,0.9,0.8,1,0.8,0.9,0.99
Veneto,nowcast,0.9,0.8,0.9,0.8,0.9,1
Veneto,nowcast,0.8,0.7,0.9,0.8,0.9,1
Veneto,nowcast,0.8,0.7,0.9,0.8,0.9,1
Veneto,nowcast,0.8,0.7,0.9,0.8,0.8,1
Veneto,nowcast,0.8,0.7,0.9,0.7,0.8,1
Veneto,nowcast,0.7,0.6,0.8,0.7,0.8,1
Veneto,nowcast,0.7,0.6,0.8,0.7,0.8,1
Veneto,nowcast,0.7,0.6,0.8,0.7,0.8,1
Veneto,nowcast,0.7,0.6,0.8,0.7,0.7,1
Veneto,nowcast,0.7,0.6,0.8,0.7,0.7,1
Veneto,nowcast,0.7,0.6,0.8,0.7,0.7,1
Veneto,nowcast,0.7,0.6,0.8,0.7,0.7,1
Veneto,nowcast,0.7,0.6,0.8,0.7,0.8,1
Veneto,nowcast,0.7,0.6,0.8,0.7,0.7,1
Veneto,nowcast,0.7,0.6,0.8,0.6,0.7,1
Veneto,nowcast,0.7,0.6,0.8,0.6,0.7,1
Veneto,nowcast,0.7,0.6,0.8,0.6,0.7,1
Veneto,nowcast,0.7,0.6,0.9,0.7,0.8,1
Veneto,nowcast,0.7,0.6,0.9,0.6,0.8,0.99
Veneto,nowcast,0.7,0.6,0.9,0.7,0.8,0.97
Veneto,nowcast,0.8,0.6,1,0.7,0.8,0.96
Veneto,nowcast,0.8,0.6,1,0.7,0.8,0.94
Veneto,nowcast,0.8,0.6,1.1,0.7,0.9,0.87
Veneto,nowcast,0.9,0.7,1.1,0.8,0.9,0.78
Veneto,forecast,0.9,0.6,1.2,0.7,0.9,0.78
Veneto,forecast,0.9,0.6,1.2,0.7,1,0.77
Veneto,forecast,0.9,0.6,1.2,0.7,0.9,0.76
Veneto,forecast,0.9,0.6,1.2,0.7,1,0.75
Veneto,forecast,0.9,0.5,1.2,0.7,1,0.74
Veneto,forecast,0.9,0.5,1.3,0.7,1,0.73
Veneto,forecast,0.9,0.5,1.3,0.7,1,0.72
Veneto,forecast,0.9,0.5,1.3,0.7,1,0.71
Veneto,forecast,0.9,0.5,1.3,0.7,1,0.7
Veneto,forecast,0.9,0.4,1.3,0.7,1,0.69
Veneto,forecast,0.9,0.4,1.4,0.6,1,0.69
Veneto,forecast,0.9,0.4,1.4,0.7,1,0.69
Veneto,forecast,0.9,0.4,1.4,0.6,1,0.68
Veneto,forecast,0.9,0.4,1.3,0.7,1,0.67
